datetime,temp
2014-01-01,47.1
2014-01-02,49.8
2014-01-03,51.9
2014-01-04,48.5
2014-01-05,44.5
2014-01-06,53.2
2014-01-07,52.1
2014-01-08,52.0
2014-01-09,50.6
2014-01-10,42.6
2014-01-11,43.5
2014-01-12,39.7
2014-01-13,46.0
2014-01-14,42.3
2014-01-15,42.4
2014-01-16,47.3
2014-01-17,46.5
2014-01-18,44.4
2014-01-19,45.4
2014-01-20,43.8
2014-01-21,37.5
2014-01-22,37.8
2014-01-23,43.4
2014-01-24,42.5
2014-01-25,41.9
2014-01-26,44.7
2014-01-27,41.2
2014-01-28,40.9
2014-01-29,40.2
2014-01-30,42.1
2014-01-31,41.0
2014-02-01,44.8
2014-02-02,41.3
2014-02-03,40.2
2014-02-04,44.3
2014-02-05,45.9
2014-02-06,46.0
2014-02-07,50.2
2014-02-08,46.1
2014-02-09,43.6
2014-02-10,44.0
2014-02-11,42.4
2014-02-12,42.3
2014-02-13,44.0
2014-02-14,45.2
2014-02-15,49.8
2014-02-16,45.8
2014-02-17,44.7
2014-02-18,44.5
2014-02-19,47.9
2014-02-20,49.4
2014-02-21,46.2
2014-02-22,43.8
2014-02-23,47.1
2014-02-24,49.2
2014-02-25,49.5
2014-02-26,45.6
2014-02-27,43.0
2014-02-28,43.4
2014-03-01,43.0
2014-03-02,42.4
2014-03-03,43.8
2014-03-04,44.9
2014-03-05,46.6
2014-03-06,47.7
2014-03-07,49.1
2014-03-08,52.7
2014-03-09,55.8
2014-03-10,56.0
2014-03-11,52.1
2014-03-12,53.7
2014-03-13,54.8
2014-03-14,55.6
2014-03-15,51.6
2014-03-16,54.0
2014-03-17,48.3
2014-03-18,50.3
2014-03-19,52.8
2014-03-20,55.7
2014-03-21,52.1
2014-03-22,48.5
2014-03-23,43.4
2014-03-24,43.9
2014-03-25,43.3
2014-03-26,44.4
2014-03-27,45.3
2014-03-28,50.4
2014-03-29,56.5
2014-03-30,58.0
2014-03-31,58.0
2014-04-01,59.4
2014-04-02,59.8
2014-04-03,60.2
2014-04-04,55.4
2014-04-05,56.4
2014-04-06,60.1
2014-04-07,61.5
2014-04-08,52.2
2014-04-09,51.9
2014-04-10,56.3
2014-04-11,55.8
2014-04-12,55.1
2014-04-13,53.4
2014-04-14,53.0
2014-04-15,50.0
2014-04-16,51.9
2014-04-17,56.7
2014-04-18,54.3
2014-04-19,49.1
2014-04-20,55.2
2014-04-21,55.4
2014-04-22,56.6
2014-04-23,57.7
2014-04-24,59.9
2014-04-25,56.9
2014-04-26,50.6
2014-04-27,50.9
2014-04-28,52.7
2014-04-29,51.4
2014-04-30,56.4
2014-05-01,54.8
2014-05-02,54.0
2014-05-03,51.5
2014-05-04,53.5
2014-05-05,59.7
2014-05-06,61.3
2014-05-07,57.2
2014-05-08,55.4
2014-05-09,60.2
2014-05-10,56.5
2014-05-11,53.4
2014-05-12,51.2
2014-05-13,51.3
2014-05-14,54.8
2014-05-15,54.8
2014-05-16,57.6
2014-05-17,61.8
2014-05-18,65.4
2014-05-19,67.7
2014-05-20,62.2
2014-05-21,59.1
2014-05-22,58.8
2014-05-23,57.4
2014-05-24,55.1
2014-05-25,58.9
2014-05-26,58.7
2014-05-27,57.0
2014-05-28,55.7
2014-05-29,58.6
2014-05-30,62.9
2014-05-31,61.7
2014-06-01,58.8
2014-06-02,61.4
2014-06-03,62.7
2014-06-04,57.5
2014-06-05,58.1
2014-06-06,68.6
2014-06-07,73.6
2014-06-08,71.9
2014-06-09,71.1
2014-06-10,65.6
2014-06-11,69.1
2014-06-12,68.9
2014-06-13,68.4
2014-06-14,65.2
2014-06-15,61.0
2014-06-16,60.7
2014-06-17,60.4
2014-06-18,63.4
2014-06-19,63.0
2014-06-20,63.3
2014-06-21,65.8
2014-06-22,69.8
2014-06-23,68.6
2014-06-24,69.6
2014-06-25,65.5
2014-06-26,65.9
2014-06-27,66.8
2014-06-28,61.5
2014-06-29,59.5
2014-06-30,62.4
2014-07-01,65.9
2014-07-02,67.9
2014-07-03,73.7
2014-07-04,71.9
2014-07-05,68.3
2014-07-06,64.3
2014-07-07,61.9
2014-07-08,60.1
2014-07-09,58.3
2014-07-10,58.7
2014-07-11,61.4
2014-07-12,65.3
2014-07-13,65.0
2014-07-14,64.5
2014-07-15,68.2
2014-07-16,74.8
2014-07-17,77.9
2014-07-18,82.5
2014-07-19,78.9
2014-07-20,70.2
2014-07-21,68.6
2014-07-22,67.7
2014-07-23,73.0
2014-07-24,76.8
2014-07-25,74.2
2014-07-26,70.6
2014-07-27,73.3
2014-07-28,68.6
2014-07-29,65.4
2014-07-30,69.6
2014-07-31,69.3
2014-08-01,72.1
2014-08-02,69.1
2014-08-03,67.3
2014-08-04,66.5
2014-08-05,70.4
2014-08-06,66.1
2014-08-07,68.4
2014-08-08,67.3
2014-08-09,66.0
2014-08-10,67.3
2014-08-11,62.9
2014-08-12,62.1
2014-08-13,62.0
2014-08-14,61.2
2014-08-15,60.8
2014-08-16,64.1
2014-08-17,62.5
2014-08-18,62.7
2014-08-19,59.5
2014-08-20,59.1
2014-08-21,58.8
2014-08-22,60.8
2014-08-23,60.2
2014-08-24,60.5
2014-08-25,60.3
2014-08-26,63.2
2014-08-27,64.5
2014-08-28,66.0
2014-08-29,65.2
2014-08-30,64.2
2014-08-31,62.6
2014-09-01,63.3
2014-09-02,66.6
2014-09-03,66.8
2014-09-04,64.5
2014-09-05,68.0
2014-09-06,68.0
2014-09-07,68.7
2014-09-08,69.2
2014-09-09,65.7
2014-09-10,62.1
2014-09-11,60.8
2014-09-12,63.1
2014-09-13,65.1
2014-09-14,65.2
2014-09-15,66.3
2014-09-16,68.4
2014-09-17,70.1
2014-09-18,71.3
2014-09-19,69.4
2014-09-20,67.2
2014-09-21,63.5
2014-09-22,58.4
2014-09-23,57.0
2014-09-24,57.0
2014-09-25,58.3
2014-09-26,59.8
2014-09-27,64.6
2014-09-28,65.3
2014-09-29,65.2
2014-09-30,64.1
2014-10-01,64.7
2014-10-02,65.3
2014-10-03,65.0
2014-10-04,62.6
2014-10-05,54.9
2014-10-06,52.5
2014-10-07,56.6
2014-10-08,59.3
2014-10-09,61.1
2014-10-10,57.8
2014-10-11,58.6
2014-10-12,56.1
2014-10-13,59.4
2014-10-14,55.0
2014-10-15,56.1
2014-10-16,61.1
2014-10-17,60.0
2014-10-18,64.0
2014-10-19,64.9
2014-10-20,59.3
2014-10-21,54.8
2014-10-22,50.8
2014-10-23,54.1
2014-10-24,54.9
2014-10-25,56.2
2014-10-26,56.8
2014-10-27,54.3
2014-10-28,49.7
2014-10-29,54.7
2014-10-30,58.8
2014-10-31,60.5
2014-11-01,59.1
2014-11-02,59.4
2014-11-03,55.4
2014-11-04,49.1
2014-11-05,46.8
2014-11-06,47.2
2014-11-07,50.3
2014-11-08,51.3
2014-11-09,51.4
2014-11-10,46.4
2014-11-11,50.6
2014-11-12,52.4
2014-11-13,50.4
2014-11-14,50.0
2014-11-15,51.0
2014-11-16,48.9
2014-11-17,47.8
2014-11-18,48.1
2014-11-19,44.2
2014-11-20,46.5
2014-11-21,49.1
2014-11-22,51.2
2014-11-23,53.6
2014-11-24,50.9
2014-11-25,49.5
2014-11-26,52.0
2014-11-27,50.8
2014-11-28,53.0
2014-11-29,46.1
2014-11-30,41.0
2014-12-01,40.7
2014-12-02,37.9
2014-12-03,36.9
2014-12-04,38.6
2014-12-05,40.7
2014-12-06,41.7
2014-12-07,38.9
2014-12-08,39.9
2014-12-09,39.5
2014-12-10,45.1
2014-12-11,45.9
2014-12-12,48.9
2014-12-13,40.7
2014-12-14,35.7
2014-12-15,38.2
2014-12-16,44.5
2014-12-17,48.3
2014-12-18,54.3
2014-12-19,51.8
2014-12-20,46.2
2014-12-21,45.0
2014-12-22,48.7
2014-12-23,47.2
2014-12-24,47.6
2014-12-25,43.2
2014-12-26,37.7
2014-12-27,41.6
2014-12-28,31.3
2014-12-29,32.2
2014-12-30,38.1
2014-12-31,38.3
2015-01-01,34.6
2015-01-02,41.6
2015-01-03,44.5
2015-01-04,40.2
2015-01-05,32.8
2015-01-06,34.3
2015-01-07,37.2
2015-01-08,47.6
2015-01-09,51.8
2015-01-10,54.6
2015-01-11,44.5
2015-01-12,45.4
2015-01-13,48.1
2015-01-14,44.3
2015-01-15,49.1
2015-01-16,43.6
2015-01-17,38.5
2015-01-18,37.7
2015-01-19,37.1
2015-01-20,33.9
2015-01-21,34.3
2015-01-22,32.5
2015-01-23,32.2
2015-01-24,36.8
2015-01-25,39.0
2015-01-26,44.9
2015-01-27,42.2
2015-01-28,43.8
2015-01-29,41.0
2015-01-30,36.5
2015-01-31,37.9
2015-02-01,38.2
2015-02-02,36.7
2015-02-03,34.5
2015-02-04,35.6
2015-02-05,34.5
2015-02-06,31.9
2015-02-07,34.8
2015-02-08,41.3
2015-02-09,36.9
2015-02-10,39.8
2015-02-11,40.8
2015-02-12,36.2
2015-02-13,43.4
2015-02-14,44.2
2015-02-15,44.6
2015-02-16,42.2
2015-02-17,42.8
2015-02-18,38.3
2015-02-19,39.3
2015-02-20,44.0
2015-02-21,39.4
2015-02-22,39.7
2015-02-23,44.9
2015-02-24,41.4
2015-02-25,42.4
2015-02-26,48.1
2015-02-27,43.7
2015-02-28,41.5
2015-03-01,50.3
2015-03-02,46.6
2015-03-03,43.4
2015-03-04,41.2
2015-03-05,41.8
2015-03-06,41.9
2015-03-07,44.8
2015-03-08,49.8
2015-03-09,49.1
2015-03-10,50.6
2015-03-11,49.2
2015-03-12,48.3
2015-03-13,46.6
2015-03-14,44.2
2015-03-15,43.2
2015-03-16,46.6
2015-03-17,52.3
2015-03-18,52.5
2015-03-19,44.3
2015-03-20,46.4
2015-03-21,43.3
2015-03-22,45.8
2015-03-23,46.5
2015-03-24,43.6
2015-03-25,43.3
2015-03-26,42.1
2015-03-27,47.2
2015-03-28,51.9
2015-03-29,53.1
2015-03-30,52.3
2015-03-31,53.9
2015-04-01,47.7
2015-04-02,47.9
2015-04-03,47.9
2015-04-04,47.8
2015-04-05,44.2
2015-04-06,47.9
2015-04-07,51.0
2015-04-08,53.7
2015-04-09,58.0
2015-04-10,59.8
2015-04-11,54.8
2015-04-12,55.5
2015-04-13,59.7
2015-04-14,64.0
2015-04-15,66.7
2015-04-16,65.0
2015-04-17,60.5
2015-04-18,54.8
2015-04-19,54.9
2015-04-20,58.8
2015-04-21,61.2
2015-04-22,59.7
2015-04-23,58.8
2015-04-24,58.8
2015-04-25,58.6
2015-04-26,55.6
2015-04-27,52.7
2015-04-28,49.6
2015-04-29,51.4
2015-04-30,49.3
2015-05-01,48.8
2015-05-02,51.8
2015-05-03,59.6
2015-05-04,59.7
2015-05-05,62.0
2015-05-06,54.9
2015-05-07,54.9
2015-05-08,58.9
2015-05-09,61.9
2015-05-10,63.5
2015-05-11,68.5
2015-05-12,63.9
2015-05-13,61.0
2015-05-14,57.4
2015-05-15,53.9
2015-05-16,55.0
2015-05-17,57.2
2015-05-18,57.7
2015-05-19,50.9
2015-05-20,50.3
2015-05-21,55.0
2015-05-22,57.7
2015-05-23,61.4
2015-05-24,62.2
2015-05-25,60.5
2015-05-26,58.9
2015-05-27,61.2
2015-05-28,60.5
2015-05-29,59.3
2015-05-30,58.3
2015-05-31,59.3
2015-06-01,56.5
2015-06-02,63.6
2015-06-03,64.0
2015-06-04,67.5
2015-06-05,76.3
2015-06-06,63.4
2015-06-07,62.3
2015-06-08,60.7
2015-06-09,59.5
2015-06-10,64.0
2015-06-11,73.0
2015-06-12,73.1
2015-06-13,68.8
2015-06-14,67.4
2015-06-15,63.6
2015-06-16,62.8
2015-06-17,65.9
2015-06-18,64.8
2015-06-19,63.0
2015-06-20,63.1
2015-06-21,66.2
2015-06-22,58.8
2015-06-23,59.0
2015-06-24,64.5
2015-06-25,72.4
2015-06-26,76.9
2015-06-27,69.7
2015-06-28,73.1
2015-06-29,72.4
2015-06-30,79.0
2015-07-01,86.9
2015-07-02,79.9
2015-07-03,79.5
2015-07-04,82.3
2015-07-05,70.6
2015-07-06,72.4
2015-07-07,72.0
2015-07-08,63.3
2015-07-09,64.8
2015-07-10,70.6
2015-07-11,72.1
2015-07-12,67.1
2015-07-13,71.4
2015-07-14,71.4
2015-07-15,75.6
2015-07-16,80.8
2015-07-17,76.4
2015-07-18,73.4
2015-07-19,69.7
2015-07-20,73.1
2015-07-21,75.8
2015-07-22,72.9
2015-07-23,69.3
2015-07-24,70.5
2015-07-25,65.0
2015-07-26,59.3
2015-07-27,65.3
2015-07-28,59.9
2015-07-29,61.4
2015-07-30,61.9
2015-07-31,63.4
2015-08-01,68.2
2015-08-02,72.1
2015-08-03,79.5
2015-08-04,71.2
2015-08-05,73.6
2015-08-06,76.0
2015-08-07,71.7
2015-08-08,72.5
2015-08-09,72.0
2015-08-10,72.6
2015-08-11,75.1
2015-08-12,78.8
2015-08-13,76.9
2015-08-14,68.2
2015-08-15,63.7
2015-08-16,63.1
2015-08-17,64.1
2015-08-18,63.1
2015-08-19,67.2
2015-08-20,66.8
2015-08-21,72.6
2015-08-22,75.5
2015-08-23,68.7
2015-08-24,62.0
2015-08-25,61.0
2015-08-26,70.9
2015-08-27,60.3
2015-08-28,63.4
2015-08-29,72.3
2015-08-30,79.6
2015-08-31,74.7
2015-09-01,64.8
2015-09-02,60.9
2015-09-03,59.0
2015-09-04,58.2
2015-09-05,59.0
2015-09-06,57.4
2015-09-07,58.4
2015-09-08,59.5
2015-09-09,62.2
2015-09-10,63.3
2015-09-11,63.2
2015-09-12,62.6
2015-09-13,58.9
2015-09-14,59.4
2015-09-15,58.5
2015-09-16,60.6
2015-09-17,60.8
2015-09-18,56.6
2015-09-19,59.0
2015-09-20,57.3
2015-09-21,57.3
2015-09-22,56.2
2015-09-23,56.1
2015-09-24,56.3
2015-09-25,58.8
2015-09-26,57.0
2015-09-27,57.8
2015-09-28,57.4
2015-09-29,57.2
2015-09-30,56.4
2015-10-01,54.7
2015-10-02,56.1
2015-10-03,58.8
2015-10-04,54.4
2015-10-05,58.6
2015-10-06,62.4
2015-10-07,57.9
2015-10-08,55.5
2015-10-09,53.5
2015-10-10,55.5
2015-10-11,53.3
2015-10-12,51.8
2015-10-13,48.7
2015-10-14,44.2
2015-10-15,42.2
2015-10-16,43.4
2015-10-17,49.8
2015-10-18,49.5
2015-10-19,48.5
2015-10-20,51.9
2015-10-21,50.8
2015-10-22,54.4
2015-10-23,54.3
2015-10-24,54.2
2015-10-25,53.3
2015-10-26,52.1
2015-10-27,58.8
2015-10-28,55.2
2015-10-29,52.9
2015-10-30,52.9
2015-10-31,52.9
2015-11-01,54.1
2015-11-02,47.4
2015-11-03,54.4
2015-11-04,57.9
2015-11-05,59.0
2015-11-06,62.0
2015-11-07,63.5
2015-11-08,62.0
2015-11-09,59.8
2015-11-10,53.2
2015-11-11,53.4
2015-11-12,55.3
2015-11-13,55.6
2015-11-14,50.2
2015-11-15,56.2
2015-11-16,56.0
2015-11-17,60.0
2015-11-18,56.7
2015-11-19,57.6
2015-11-20,51.0
2015-11-21,42.4
2015-11-22,40.2
2015-11-23,38.1
2015-11-24,38.6
2015-11-25,46.5
2015-11-26,43.3
2015-11-27,38.0
2015-11-28,45.2
2015-11-29,52.0
2015-11-30,53.1
2015-12-01,54.4
2015-12-02,51.6
2015-12-03,47.0
2015-12-04,49.0
2015-12-05,42.4
2015-12-06,49.3
2015-12-07,51.1
2015-12-08,48.4
2015-12-09,45.2
2015-12-10,38.3
2015-12-11,43.1
2015-12-12,49.8
2015-12-13,43.2
2015-12-14,41.1
2015-12-15,48.4
2015-12-16,55.1
2015-12-17,56.1
2015-12-18,53.9
2015-12-19,52.6
2015-12-20,53.5
2015-12-21,52.6
2015-12-22,54.2
2015-12-23,52.0
2015-12-24,51.5
2015-12-25,52.4
2015-12-26,50.5
2015-12-27,48.6
2015-12-28,46.5
2015-12-29,49.3
2015-12-30,46.7
2015-12-31,48.4
2016-01-01,43.8
2016-01-02,48.2
2016-01-03,44.9
2016-01-04,45.4
2016-01-05,44.9
2016-01-06,46.2
2016-01-07,46.4
2016-01-08,42.1
2016-01-09,46.4
2016-01-10,43.0
2016-01-11,45.1
2016-01-12,43.7
2016-01-13,41.3
2016-01-14,40.4
2016-01-15,38.0
2016-01-16,37.3
2016-01-17,37.2
2016-01-18,30.8
2016-01-19,30.8
2016-01-20,27.8
2016-01-21,30.5
2016-01-22,35.9
2016-01-23,44.3
2016-01-24,47.0
2016-01-25,48.0
2016-01-26,49.7
2016-01-27,51.5
2016-01-28,47.4
2016-01-29,44.1
2016-01-30,46.8
2016-01-31,49.9
2016-02-01,53.8
2016-02-02,50.4
2016-02-03,43.7
2016-02-04,45.6
2016-02-05,49.6
2016-02-06,50.5
2016-02-07,48.3
2016-02-08,49.2
2016-02-09,45.1
2016-02-10,41.3
2016-02-11,41.9
2016-02-12,38.8
2016-02-13,43.4
2016-02-14,42.7
2016-02-15,39.6
2016-02-16,37.0
2016-02-17,33.0
2016-02-18,34.5
2016-02-19,40.9
2016-02-20,49.5
2016-02-21,52.6
2016-02-22,51.3
2016-02-23,44.6
2016-02-24,39.8
2016-02-25,39.2
2016-02-26,37.8
2016-02-27,39.1
2016-02-28,38.6
2016-02-29,39.0
2016-03-01,40.9
2016-03-02,45.8
2016-03-03,43.2
2016-03-04,43.0
2016-03-05,39.1
2016-03-06,40.9
2016-03-07,39.0
2016-03-08,41.3
2016-03-09,42.9
2016-03-10,44.4
2016-03-11,46.4
2016-03-12,45.4
2016-03-13,43.7
2016-03-14,42.9
2016-03-15,45.4
2016-03-16,43.5
2016-03-17,45.5
2016-03-18,43.5
2016-03-19,42.4
2016-03-20,42.6
2016-03-21,46.0
2016-03-22,48.5
2016-03-23,45.7
2016-03-24,48.2
2016-03-25,49.6
2016-03-26,51.9
2016-03-27,49.7
2016-03-28,51.1
2016-03-29,49.2
2016-03-30,48.3
2016-03-31,44.0
2016-04-01,46.4
2016-04-02,45.1
2016-04-03,58.3
2016-04-04,55.4
2016-04-05,54.5
2016-04-06,51.4
2016-04-07,47.0
2016-04-08,48.6
2016-04-09,47.4
2016-04-10,51.0
2016-04-11,53.8
2016-04-12,51.4
2016-04-13,54.9
2016-04-14,53.7
2016-04-15,54.3
2016-04-16,52.8
2016-04-17,45.6
2016-04-18,48.3
2016-04-19,52.3
2016-04-20,56.2
2016-04-21,60.6
2016-04-22,58.4
2016-04-23,49.5
2016-04-24,42.9
2016-04-25,45.4
2016-04-26,43.3
2016-04-27,42.4
2016-04-28,45.4
2016-04-29,49.4
2016-04-30,46.7
2016-05-01,50.1
2016-05-02,54.6
2016-05-03,54.8
2016-05-04,55.5
2016-05-05,59.3
2016-05-06,64.1
2016-05-07,65.4
2016-05-08,68.0
2016-05-09,65.4
2016-05-10,60.7
2016-05-11,59.6
2016-05-12,60.5
2016-05-13,62.6
2016-05-14,52.2
2016-05-15,51.4
2016-05-16,55.3
2016-05-17,56.8
2016-05-18,57.3
2016-05-19,54.0
2016-05-20,60.0
2016-05-21,65.8
2016-05-22,59.2
2016-05-23,54.3
2016-05-24,53.7
2016-05-25,57.4
2016-05-26,62.2
2016-05-27,67.0
2016-05-28,64.4
2016-05-29,61.0
2016-05-30,56.4
2016-05-31,55.7
2016-06-01,58.5
2016-06-02,55.4
2016-06-03,53.9
2016-06-04,58.3
2016-06-05,60.7
2016-06-06,65.3
2016-06-07,70.6
2016-06-08,67.0
2016-06-09,65.2
2016-06-10,67.5
2016-06-11,65.6
2016-06-12,63.0
2016-06-13,60.4
2016-06-14,61.2
2016-06-15,60.0
2016-06-16,59.5
2016-06-17,60.8
2016-06-18,60.6
2016-06-19,63.0
2016-06-20,61.2
2016-06-21,66.1
2016-06-22,73.3
2016-06-23,78.2
2016-06-24,70.2
2016-06-25,64.0
2016-06-26,62.0
2016-06-27,64.0
2016-06-28,65.3
2016-06-29,65.8
2016-06-30,66.2
2016-07-01,66.5
2016-07-02,61.4
2016-07-03,60.6
2016-07-04,64.0
2016-07-05,65.8
2016-07-06,65.0
2016-07-07,71.0
2016-07-08,72.8
2016-07-09,72.8
2016-07-10,76.6
2016-07-11,68.2
2016-07-12,63.8
2016-07-13,60.2
2016-07-14,60.8
2016-07-15,64.6
2016-07-16,69.2
2016-07-17,73.9
2016-07-18,77.3
2016-07-19,82.9
2016-07-20,79.5
2016-07-21,72.1
2016-07-22,71.9
2016-07-23,71.7
2016-07-24,72.1
2016-07-25,73.8
2016-07-26,67.5
2016-07-27,67.8
2016-07-28,69.8
2016-07-29,71.4
2016-07-30,68.3
2016-07-31,68.3
2016-08-01,67.0
2016-08-02,66.4
2016-08-03,69.9
2016-08-04,65.8
2016-08-05,65.3
2016-08-06,66.9
2016-08-07,72.7
2016-08-08,67.3
2016-08-09,64.3
2016-08-10,59.6
2016-08-11,62.4
2016-08-12,68.2
2016-08-13,72.0
2016-08-14,70.7
2016-08-15,71.0
2016-08-16,72.8
2016-08-17,74.7
2016-08-18,69.4
2016-08-19,67.1
2016-08-20,66.4
2016-08-21,63.4
2016-08-22,71.4
2016-08-23,76.5
2016-08-24,81.6
2016-08-25,83.1
2016-08-26,80.9
2016-08-27,81.2
2016-08-28,75.1
2016-08-29,67.9
2016-08-30,69.1
2016-08-31,72.1
2016-09-01,69.5
2016-09-02,71.5
2016-09-03,71.3
2016-09-04,69.2
2016-09-05,63.9
2016-09-06,69.1
2016-09-07,71.0
2016-09-08,68.0
2016-09-09,67.0
2016-09-10,68.9
2016-09-11,70.0
2016-09-12,74.6
2016-09-13,78.2
2016-09-14,73.6
2016-09-15,64.4
2016-09-16,62.3
2016-09-17,58.8
2016-09-18,61.3
2016-09-19,62.3
2016-09-20,62.7
2016-09-21,61.0
2016-09-22,62.9
2016-09-23,64.7
2016-09-24,64.1
2016-09-25,61.3
2016-09-26,58.9
2016-09-27,62.3
2016-09-28,66.1
2016-09-29,63.1
2016-09-30,59.8
2016-10-01,58.3
2016-10-02,55.7
2016-10-03,55.2
2016-10-04,57.8
2016-10-05,55.4
2016-10-06,51.2
2016-10-07,53.5
2016-10-08,55.1
2016-10-09,51.3
2016-10-10,48.6
2016-10-11,48.0
2016-10-12,48.6
2016-10-13,48.0
2016-10-14,51.5
2016-10-15,54.5
2016-10-16,57.5
2016-10-17,56.9
2016-10-18,53.3
2016-10-19,50.6
2016-10-20,52.2
2016-10-21,51.7
2016-10-22,49.6
2016-10-23,47.8
2016-10-24,53.7
2016-10-25,55.6
2016-10-26,52.8
2016-10-27,51.8
2016-10-28,51.7
2016-10-29,54.7
2016-10-30,53.7
2016-10-31,54.2
2016-11-01,51.0
2016-11-02,50.4
2016-11-03,43.9
2016-11-04,43.2
2016-11-05,47.5
2016-11-06,43.3
2016-11-07,37.8
2016-11-08,41.2
2016-11-09,44.9
2016-11-10,47.7
2016-11-11,44.4
2016-11-12,38.6
2016-11-13,46.5
2016-11-14,45.6
2016-11-15,51.0
2016-11-16,54.1
2016-11-17,53.5
2016-11-18,48.7
2016-11-19,44.3
2016-11-20,51.9
2016-11-21,54.0
2016-11-22,50.8
2016-11-23,52.5
2016-11-24,51.8
2016-11-25,47.4
2016-11-26,48.8
2016-11-27,45.5
2016-11-28,40.7
2016-11-29,34.3
2016-11-30,34.3
2016-12-01,35.2
2016-12-02,41.4
2016-12-03,41.8
2016-12-04,35.7
2016-12-05,39.4
2016-12-06,40.8
2016-12-07,41.4
2016-12-08,40.4
2016-12-09,42.7
2016-12-10,39.5
2016-12-11,46.2
2016-12-12,40.6
2016-12-13,44.6
2016-12-14,42.8
2016-12-15,40.8
2016-12-16,46.1
2016-12-17,41.5
2016-12-18,38.3
2016-12-19,40.3
2016-12-20,40.0
2016-12-21,39.5
2016-12-22,45.8
2016-12-23,40.4
2016-12-24,46.6
2016-12-25,48.7
2016-12-26,49.5
2016-12-27,39.7
2016-12-28,38.7
2016-12-29,33.2
2016-12-30,28.9
2016-12-31,26.3
2017-01-01,27.7
2017-01-02,34.5
2017-01-03,34.1
2017-01-04,38.9
2017-01-05,38.3
2017-01-06,31.0
2017-01-07,29.8
2017-01-08,42.8
2017-01-09,43.7
2017-01-10,43.2
2017-01-11,46.0
2017-01-12,44.1
2017-01-13,38.3
2017-01-14,37.5
2017-01-15,35.2
2017-01-16,35.5
2017-01-17,29.7
2017-01-18,28.7
2017-01-19,28.9
2017-01-20,29.4
2017-01-21,29.0
2017-01-22,32.8
2017-01-23,30.7
2017-01-24,31.8
2017-01-25,31.0
2017-01-26,28.9
2017-01-27,39.4
2017-01-28,46.0
2017-01-29,41.2
2017-01-30,48.5
2017-01-31,52.0
2017-02-01,51.0
2017-02-02,50.2
2017-02-03,47.6
2017-02-04,42.8
2017-02-05,45.1
2017-02-06,44.1
2017-02-07,45.2
2017-02-08,42.9
2017-02-09,38.9
2017-02-10,35.2
2017-02-11,32.8
2017-02-12,38.5
2017-02-13,43.1
2017-02-14,45.5
2017-02-15,52.1
2017-02-16,50.5
2017-02-17,45.2
2017-02-18,42.9
2017-02-19,43.8
2017-02-20,50.2
2017-02-21,53.4
2017-02-22,52.3
2017-02-23,50.0
2017-02-24,44.2
2017-02-25,43.1
2017-02-26,48.8
2017-02-27,49.6
2017-02-28,42.8
2017-03-01,46.7
2017-03-02,47.8
2017-03-03,50.7
2017-03-04,47.8
2017-03-05,44.0
2017-03-06,43.5
2017-03-07,45.2
2017-03-08,49.9
2017-03-09,55.0
2017-03-10,48.4
2017-03-11,50.7
2017-03-12,52.8
2017-03-13,52.0
2017-03-14,50.4
2017-03-15,53.2
2017-03-16,55.9
2017-03-17,50.9
2017-03-18,51.5
2017-03-19,54.2
2017-03-20,52.3
2017-03-21,48.9
2017-03-22,47.1
2017-03-23,49.0
2017-03-24,50.2
2017-03-25,54.2
2017-03-26,54.7
2017-03-27,56.2
2017-03-28,55.8
2017-03-29,57.2
2017-03-30,61.6
2017-03-31,59.1
2017-04-01,54.4
2017-04-02,55.6
2017-04-03,57.1
2017-04-04,55.7
2017-04-05,52.8
2017-04-06,50.7
2017-04-07,53.6
2017-04-08,58.3
2017-04-09,62.9
2017-04-10,56.4
2017-04-11,52.5
2017-04-12,54.6
2017-04-13,52.8
2017-04-14,55.3
2017-04-15,52.9
2017-04-16,51.1
2017-04-17,50.9
2017-04-18,46.2
2017-04-19,45.7
2017-04-20,46.3
2017-04-21,52.7
2017-04-22,53.7
2017-04-23,50.9
2017-04-24,52.8
2017-04-25,48.0
2017-04-26,43.5
2017-04-27,44.6
2017-04-28,47.7
2017-04-29,52.7
2017-04-30,54.3
2017-05-01,52.0
2017-05-02,54.0
2017-05-03,50.2
2017-05-04,52.3
2017-05-05,55.2
2017-05-06,53.8
2017-05-07,53.0
2017-05-08,50.7
2017-05-09,53.2
2017-05-10,58.6
2017-05-11,61.1
2017-05-12,60.0
2017-05-13,59.9
2017-05-14,60.2
2017-05-15,63.8
2017-05-16,71.0
2017-05-17,72.7
2017-05-18,61.8
2017-05-19,53.7
2017-05-20,55.1
2017-05-21,61.0
2017-05-22,67.2
2017-05-23,67.1
2017-05-24,67.0
2017-05-25,70.8
2017-05-26,73.0
2017-05-27,76.1
2017-05-28,75.0
2017-05-29,75.6
2017-05-30,67.9
2017-05-31,66.5
2017-06-01,71.5
2017-06-02,71.3
2017-06-03,63.1
2017-06-04,59.7
2017-06-05,64.7
2017-06-06,58.3
2017-06-07,58.7
2017-06-08,67.4
2017-06-09,66.2
2017-06-10,70.8
2017-06-11,73.8
2017-06-12,64.3
2017-06-13,65.3
2017-06-14,73.4
2017-06-15,74.8
2017-06-16,65.4
2017-06-17,70.3
2017-06-18,76.3
2017-06-19,79.7
2017-06-20,82.6
2017-06-21,85.9
2017-06-22,82.7
2017-06-23,68.0
2017-06-24,69.3
2017-06-25,72.3
2017-06-26,72.8
2017-06-27,70.8
2017-06-28,66.7
2017-06-29,63.1
2017-06-30,61.2
2017-07-01,62.0
2017-07-02,62.8
2017-07-03,67.1
2017-07-04,70.7
2017-07-05,77.3
2017-07-06,79.8
2017-07-07,80.2
2017-07-08,76.3
2017-07-09,74.1
2017-07-10,66.5
2017-07-11,66.6
2017-07-12,67.6
2017-07-13,67.5
2017-07-14,66.4
2017-07-15,67.5
2017-07-16,73.7
2017-07-17,74.0
2017-07-18,79.5
2017-07-19,77.6
2017-07-20,68.5
2017-07-21,68.1
2017-07-22,65.1
2017-07-23,62.8
2017-07-24,61.4
2017-07-25,64.4
2017-07-26,64.8
2017-07-27,66.9
2017-07-28,67.0
2017-07-29,72.8
2017-07-30,72.0
2017-07-31,67.1
2017-08-01,69.5
2017-08-02,72.8
2017-08-03,73.1
2017-08-04,70.8
2017-08-05,67.2
2017-08-06,65.0
2017-08-07,68.6
2017-08-08,63.1
2017-08-09,59.5
2017-08-10,58.7
2017-08-11,62.5
2017-08-12,62.4
2017-08-13,63.8
2017-08-14,68.0
2017-08-15,70.5
2017-08-16,68.8
2017-08-17,67.1
2017-08-18,66.8
2017-08-19,61.9
2017-08-20,62.9
2017-08-21,67.8
2017-08-22,72.1
2017-08-23,71.4
2017-08-24,67.4
2017-08-25,67.0
2017-08-26,71.6
2017-08-27,72.7
2017-08-28,75.6
2017-08-29,78.6
2017-08-30,69.2
2017-08-31,60.7
2017-09-01,61.2
2017-09-02,60.5
2017-09-03,60.9
2017-09-04,67.2
2017-09-05,68.4
2017-09-06,63.4
2017-09-07,61.4
2017-09-08,61.8
2017-09-09,58.3
2017-09-10,58.0
2017-09-11,59.1
2017-09-12,58.4
2017-09-13,59.3
2017-09-14,55.5
2017-09-15,54.8
2017-09-16,53.4
2017-09-17,52.5
2017-09-18,52.8
2017-09-19,54.9
2017-09-20,54.7
2017-09-21,57.8
2017-09-22,59.4
2017-09-23,58.4
2017-09-24,61.5
2017-09-25,63.6
2017-09-26,62.9
2017-09-27,59.6
2017-09-28,62.7
2017-09-29,66.4
2017-09-30,60.2
2017-10-01,57.5
2017-10-02,62.8
2017-10-03,57.3
2017-10-04,55.7
2017-10-05,55.1
2017-10-06,52.6
2017-10-07,51.8
2017-10-08,58.0
2017-10-09,57.3
2017-10-10,59.3
2017-10-11,60.4
2017-10-12,62.5
2017-10-13,62.8
2017-10-14,61.7
2017-10-15,62.5
2017-10-16,66.1
2017-10-17,64.6
2017-10-18,61.1
2017-10-19,61.9
2017-10-20,57.1
2017-10-21,57.2
2017-10-22,51.6
2017-10-23,53.8
2017-10-24,59.8
2017-10-25,60.3
2017-10-26,55.7
2017-10-27,56.2
2017-10-28,51.0
2017-10-29,54.0
2017-10-30,47.6
2017-10-31,46.2
2017-11-01,47.4
2017-11-02,51.0
2017-11-03,54.2
2017-11-04,54.3
2017-11-05,46.6
2017-11-06,44.5
2017-11-07,41.0
2017-11-08,41.9
2017-11-09,47.6
2017-11-10,50.9
2017-11-11,52.2
2017-11-12,49.0
2017-11-13,45.1
2017-11-14,44.2
2017-11-15,44.8
2017-11-16,46.7
2017-11-17,48.6
2017-11-18,43.8
2017-11-19,45.6
2017-11-20,45.2
2017-11-21,48.7
2017-11-22,50.9
2017-11-23,56.1
2017-11-24,51.7
2017-11-25,43.2
2017-11-26,41.0
2017-11-27,44.6
2017-11-28,44.4
2017-11-29,38.3
2017-11-30,37.7
2017-12-01,36.2
2017-12-02,32.8
2017-12-03,33.1
2017-12-04,43.7
2017-12-05,42.1
2017-12-06,42.3
2017-12-07,41.0
2017-12-08,39.0
2017-12-09,35.8
2017-12-10,42.6
2017-12-11,44.4
2017-12-12,38.2
2017-12-13,43.7
2017-12-14,42.7
2017-12-15,40.8
2017-12-16,41.0
2017-12-17,39.5
2017-12-18,44.7
2017-12-19,39.1
2017-12-20,44.9
2017-12-21,49.6
2017-12-22,49.8
2017-12-23,48.9
2017-12-24,47.6
2017-12-25,42.4
2017-12-26,43.6
2017-12-27,41.5
2017-12-28,37.3
2017-12-29,39.3
2017-12-30,54.3
2017-12-31,54.5
2018-01-01,46.3
2018-01-02,46.6
2018-01-03,50.1
2018-01-04,52.4
2018-01-05,48.0
2018-01-06,45.2
2018-01-07,43.7
2018-01-08,44.3
2018-01-09,43.2
2018-01-10,46.0
2018-01-11,44.6
2018-01-12,42.8
2018-01-13,40.2
2018-01-14,39.6
2018-01-15,44.3
2018-01-16,46.6
2018-01-17,42.2
2018-01-18,48.2
2018-01-19,41.4
2018-01-20,45.0
2018-01-21,45.6
2018-01-22,52.2
2018-01-23,49.2
2018-01-24,53.9
2018-01-25,48.3
2018-01-26,44.6
2018-01-27,40.8
2018-01-28,47.0
2018-01-29,50.6
2018-01-30,49.8
2018-01-31,47.1
2018-02-01,40.2
2018-02-02,40.4
2018-02-03,39.3
2018-02-04,36.9
2018-02-05,32.2
2018-02-06,31.9
2018-02-07,30.2
2018-02-08,31.4
2018-02-09,30.0
2018-02-10,36.2
2018-02-11,40.0
2018-02-12,36.7
2018-02-13,34.2
2018-02-14,36.4
2018-02-15,46.5
2018-02-16,43.7
2018-02-17,42.6
2018-02-18,38.5
2018-02-19,37.9
2018-02-20,40.7
2018-02-21,36.8
2018-02-22,34.8
2018-02-23,33.9
2018-02-24,35.7
2018-02-25,32.7
2018-02-26,28.2
2018-02-27,24.9
2018-02-28,24.9
2018-03-01,30.2
2018-03-02,39.0
2018-03-03,42.1
2018-03-04,42.1
2018-03-05,47.1
2018-03-06,46.6
2018-03-07,43.7
2018-03-08,43.7
2018-03-09,49.4
2018-03-10,56.1
2018-03-11,56.4
2018-03-12,51.5
2018-03-13,49.5
2018-03-14,48.8
2018-03-15,50.5
2018-03-16,48.9
2018-03-17,39.9
2018-03-18,32.6
2018-03-19,32.2
2018-03-20,37.7
2018-03-21,39.5
2018-03-22,41.7
2018-03-23,42.8
2018-03-24,48.3
2018-03-25,51.5
2018-03-26,49.9
2018-03-27,48.3
2018-03-28,48.4
2018-03-29,45.1
2018-03-30,46.1
2018-03-31,45.9
2018-04-01,47.1
2018-04-02,52.2
2018-04-03,53.4
2018-04-04,51.2
2018-04-05,48.5
2018-04-06,53.3
2018-04-07,60.5
2018-04-08,61.6
2018-04-09,55.9
2018-04-10,55.1
2018-04-11,56.0
2018-04-12,53.6
2018-04-13,55.6
2018-04-14,55.1
2018-04-15,56.3
2018-04-16,55.1
2018-04-17,58.8
2018-04-18,66.0
2018-04-19,69.9
2018-04-20,71.8
2018-04-21,71.9
2018-04-22,70.3
2018-04-23,61.4
2018-04-24,59.4
2018-04-25,57.5
2018-04-26,53.2
2018-04-27,56.4
2018-04-28,55.7
2018-04-29,51.6
2018-04-30,44.5
2018-05-01,47.4
2018-05-02,51.8
2018-05-03,54.5
2018-05-04,56.8
2018-05-05,62.8
2018-05-06,69.4
2018-05-07,70.9
2018-05-08,70.4
2018-05-09,63.2
2018-05-10,57.6
2018-05-11,60.2
2018-05-12,60.7
2018-05-13,53.0
2018-05-14,54.1
2018-05-15,59.5
2018-05-16,60.1
2018-05-17,57.7
2018-05-18,55.7
2018-05-19,57.2
2018-05-20,60.6
2018-05-21,65.0
2018-05-22,64.6
2018-05-23,62.2
2018-05-24,66.8
2018-05-25,67.1
2018-05-26,71.5
2018-05-27,73.4
2018-05-28,71.5
2018-05-29,65.7
2018-05-30,68.4
2018-05-31,69.5
2018-06-01,65.1
2018-06-02,67.2
2018-06-03,70.6
2018-06-04,70.9
2018-06-05,65.8
2018-06-06,64.6
2018-06-07,69.2
2018-06-08,70.4
2018-06-09,68.0
2018-06-10,68.5
2018-06-11,66.6
2018-06-12,62.7
2018-06-13,59.0
2018-06-14,61.6
2018-06-15,66.0
2018-06-16,64.9
2018-06-17,63.9
2018-06-18,67.4
2018-06-19,68.5
2018-06-20,72.9
2018-06-21,65.6
2018-06-22,61.0
2018-06-23,62.2
2018-06-24,65.8
2018-06-25,67.3
2018-06-26,71.5
2018-06-27,73.4
2018-06-28,74.2
2018-06-29,75.6
2018-06-30,78.0
2018-07-01,80.8
2018-07-02,77.6
2018-07-03,77.0
2018-07-04,76.5
2018-07-05,72.5
2018-07-06,74.3
2018-07-07,77.9
2018-07-08,77.8
2018-07-09,72.6
2018-07-10,67.6
2018-07-11,65.4
2018-07-12,69.0
2018-07-13,72.8
2018-07-14,75.0
2018-07-15,77.4
2018-07-16,76.3
2018-07-17,72.6
2018-07-18,73.4
2018-07-19,77.0
2018-07-20,71.0
2018-07-21,69.8
2018-07-22,72.6
2018-07-23,77.0
2018-07-24,78.8
2018-07-25,81.4
2018-07-26,84.7
2018-07-27,82.4
2018-07-28,72.4
2018-07-29,72.9
2018-07-30,75.0
2018-07-31,75.5
2018-08-01,75.4
2018-08-02,78.4
2018-08-03,82.2
2018-08-04,81.3
2018-08-05,75.9
2018-08-06,80.3
2018-08-07,84.0
2018-08-08,73.4
2018-08-09,65.1
2018-08-10,64.0
2018-08-11,67.6
2018-08-12,72.9
2018-08-13,69.3
2018-08-14,68.2
2018-08-15,68.6
2018-08-16,73.0
2018-08-17,68.4
2018-08-18,67.2
2018-08-19,71.3
2018-08-20,71.0
2018-08-21,72.7
2018-08-22,74.5
2018-08-23,70.7
2018-08-24,63.3
2018-08-25,60.8
2018-08-26,63.3
2018-08-27,67.6
2018-08-28,67.3
2018-08-29,65.6
2018-08-30,63.4
2018-08-31,64.8
2018-09-01,64.0
2018-09-02,64.9
2018-09-03,66.2
2018-09-04,65.5
2018-09-05,69.4
2018-09-06,65.6
2018-09-07,61.8
2018-09-08,62.1
2018-09-09,69.0
2018-09-10,67.1
2018-09-11,70.1
2018-09-12,69.6
2018-09-13,62.2
2018-09-14,61.7
2018-09-15,61.1
2018-09-16,63.3
2018-09-17,67.0
2018-09-18,68.1
2018-09-19,68.7
2018-09-20,67.3
2018-09-21,62.7
2018-09-22,58.6
2018-09-23,63.9
2018-09-24,53.5
2018-09-25,53.6
2018-09-26,56.2
2018-09-27,61.2
2018-09-28,59.6
2018-09-29,55.0
2018-09-30,53.8
2018-10-01,54.5
2018-10-02,54.6
2018-10-03,61.2
2018-10-04,60.1
2018-10-05,61.0
2018-10-06,61.8
2018-10-07,57.2
2018-10-08,54.8
2018-10-09,59.3
2018-10-10,64.1
2018-10-11,67.9
2018-10-12,66.2
2018-10-13,68.4
2018-10-14,68.2
2018-10-15,69.2
2018-10-16,66.7
2018-10-17,62.5
2018-10-18,59.7
2018-10-19,56.4
2018-10-20,54.2
2018-10-21,53.3
2018-10-22,54.7
2018-10-23,51.6
2018-10-24,56.8
2018-10-25,56.3
2018-10-26,51.6
2018-10-27,44.7
2018-10-28,42.9
2018-10-29,40.5
2018-10-30,44.0
2018-10-31,45.1
2018-11-01,49.8
2018-11-02,44.9
2018-11-03,40.1
2018-11-04,44.2
2018-11-05,55.2
2018-11-06,57.1
2018-11-07,51.6
2018-11-08,48.7
2018-11-09,49.9
2018-11-10,53.0
2018-11-11,52.9
2018-11-12,51.4
2018-11-13,52.0
2018-11-14,48.6
2018-11-15,47.9
2018-11-16,45.5
2018-11-17,42.0
2018-11-18,41.3
2018-11-19,38.0
2018-11-20,36.3
2018-11-21,35.8
2018-11-22,38.2
2018-11-23,40.2
2018-11-24,45.1
2018-11-25,44.7
2018-11-26,42.1
2018-11-27,44.5
2018-11-28,50.1
2018-11-29,53.2
2018-11-30,50.4
2018-12-01,47.1
2018-12-02,57.1
2018-12-03,56.1
2018-12-04,50.7
2018-12-05,49.9
2018-12-06,54.5
2018-12-07,50.8
2018-12-08,49.1
2018-12-09,49.8
2018-12-10,46.9
2018-12-11,43.0
2018-12-12,36.0
2018-12-13,34.3
2018-12-14,32.1
2018-12-15,32.7
2018-12-16,41.0
2018-12-17,43.5
2018-12-18,44.2
2018-12-19,47.8
2018-12-20,46.9
2018-12-21,54.6
2018-12-22,53.0
2018-12-23,52.9
2018-12-24,47.8
2018-12-25,38.5
2018-12-26,33.2
2018-12-27,31.2
2018-12-28,33.0
2018-12-29,39.4
2018-12-30,47.0
2018-12-31,48.0
2019-01-01,46.7
2019-01-02,43.1
2019-01-03,41.3
2019-01-04,39.9
2019-01-05,40.7
2019-01-06,41.5
2019-01-07,44.7
2019-01-08,46.9
2019-01-09,41.1
2019-01-10,38.3
2019-01-11,42.5
2019-01-12,45.7
2019-01-13,50.4
2019-01-14,47.7
2019-01-15,45.2
2019-01-16,41.0
2019-01-17,41.6
2019-01-18,35.6
2019-01-19,32.5
2019-01-20,36.4
2019-01-21,31.6
2019-01-22,31.3
2019-01-23,34.1
2019-01-24,33.5
2019-01-25,38.2
2019-01-26,46.7
2019-01-27,43.6
2019-01-28,39.5
2019-01-29,34.6
2019-01-30,35.6
2019-01-31,33.7
2019-02-01,41.5
2019-02-02,39.6
2019-02-03,38.6
2019-02-04,35.3
2019-02-05,40.1
2019-02-06,44.6
2019-02-07,47.9
2019-02-08,47.4
2019-02-09,49.3
2019-02-10,46.9
2019-02-11,42.7
2019-02-12,40.0
2019-02-13,38.2
2019-02-14,43.3
2019-02-15,46.4
2019-02-16,46.6
2019-02-17,49.3
2019-02-18,48.6
2019-02-19,46.7
2019-02-20,44.9
2019-02-21,48.6
2019-02-22,50.6
2019-02-23,51.5
2019-02-24,48.4
2019-02-25,51.7
2019-02-26,53.5
2019-02-27,53.7
2019-02-28,52.2
2019-03-01,50.3
2019-03-02,50.4
2019-03-03,54.0
2019-03-04,48.7
2019-03-05,47.0
2019-03-06,50.1
2019-03-07,48.8
2019-03-08,48.0
2019-03-09,52.6
2019-03-10,52.5
2019-03-11,44.7
2019-03-12,45.6
2019-03-13,45.5
2019-03-14,48.3
2019-03-15,54.6
2019-03-16,52.8
2019-03-17,45.4
2019-03-18,44.9
2019-03-19,46.4
2019-03-20,48.7
2019-03-21,52.2
2019-03-22,53.3
2019-03-23,49.2
2019-03-24,49.5
2019-03-25,47.0
2019-03-26,48.4
2019-03-27,48.7
2019-03-28,50.2
2019-03-29,53.8
2019-03-30,55.6
2019-03-31,57.8
2019-04-01,57.4
2019-04-02,54.6
2019-04-03,44.6
2019-04-04,44.9
2019-04-05,47.6
2019-04-06,52.7
2019-04-07,53.6
2019-04-08,54.0
2019-04-09,52.8
2019-04-10,51.6
2019-04-11,48.1
2019-04-12,45.3
2019-04-13,43.3
2019-04-14,42.3
2019-04-15,49.8
2019-04-16,52.9
2019-04-17,55.1
2019-04-18,62.9
2019-04-19,65.5
2019-04-20,68.3
2019-04-21,66.2
2019-04-22,65.6
2019-04-23,63.5
2019-04-24,58.0
2019-04-25,53.1
2019-04-26,52.9
2019-04-27,51.0
2019-04-28,48.3
2019-04-29,52.8
2019-04-30,53.1
2019-05-01,55.1
2019-05-02,54.1
2019-05-03,52.2
2019-05-04,44.9
2019-05-05,45.7
2019-05-06,48.1
2019-05-07,52.9
2019-05-08,53.5
2019-05-09,53.5
2019-05-10,54.8
2019-05-11,53.6
2019-05-12,52.2
2019-05-13,55.0
2019-05-14,57.3
2019-05-15,57.8
2019-05-16,57.0
2019-05-17,58.0
2019-05-18,59.1
2019-05-19,57.3
2019-05-20,58.3
2019-05-21,60.3
2019-05-22,61.5
2019-05-23,64.1
2019-05-24,64.9
2019-05-25,63.3
2019-05-26,61.1
2019-05-27,62.5
2019-05-28,56.8
2019-05-29,58.7
2019-05-30,63.0
2019-05-31,67.1
2019-06-01,72.0
2019-06-02,77.4
2019-06-03,67.6
2019-06-04,68.1
2019-06-05,57.4
2019-06-06,58.8
2019-06-07,59.2
2019-06-08,59.5
2019-06-09,60.7
2019-06-10,59.8
2019-06-11,56.3
2019-06-12,55.1
2019-06-13,58.3
2019-06-14,65.1
2019-06-15,65.0
2019-06-16,64.7
2019-06-17,69.0
2019-06-18,73.3
2019-06-19,72.3
2019-06-20,64.0
2019-06-21,64.1
2019-06-22,66.9
2019-06-23,74.1
2019-06-24,78.7
2019-06-25,81.1
2019-06-26,80.9
2019-06-27,79.0
2019-06-28,79.0
2019-06-29,83.2
2019-06-30,75.5
2019-07-01,68.7
2019-07-02,68.2
2019-07-03,69.1
2019-07-04,70.7
2019-07-05,75.8
2019-07-06,78.2
2019-07-07,71.0
2019-07-08,67.2
2019-07-09,66.6
2019-07-10,71.6
2019-07-11,75.0
2019-07-12,71.3
2019-07-13,70.0
2019-07-14,64.6
2019-07-15,65.8
2019-07-16,67.9
2019-07-17,72.7
2019-07-18,70.5
2019-07-19,72.5
2019-07-20,73.2
2019-07-21,71.5
2019-07-22,77.2
2019-07-23,84.4
2019-07-24,88.3
2019-07-25,92.6
2019-07-26,79.1
2019-07-27,66.2
2019-07-28,67.6
2019-07-29,72.1
2019-07-30,69.8
2019-07-31,67.2
2019-08-01,71.4
2019-08-02,72.2
2019-08-03,69.5
2019-08-04,74.9
2019-08-05,73.5
2019-08-06,69.1
2019-08-07,70.0
2019-08-08,73.4
2019-08-09,72.5
2019-08-10,70.6
2019-08-11,65.2
2019-08-12,63.0
2019-08-13,61.4
2019-08-14,66.4
2019-08-15,67.5
2019-08-16,67.1
2019-08-17,66.1
2019-08-18,67.0
2019-08-19,65.2
2019-08-20,65.6
2019-08-21,65.6
2019-08-22,68.0
2019-08-23,71.2
2019-08-24,74.3
2019-08-25,77.2
2019-08-26,78.7
2019-08-27,78.2
2019-08-28,75.1
2019-08-29,69.5
2019-08-30,68.9
2019-08-31,73.2
2019-09-01,65.5
2019-09-02,63.4
2019-09-03,64.4
2019-09-04,63.9
2019-09-05,59.5
2019-09-06,59.4
2019-09-07,61.0
2019-09-08,57.9
2019-09-09,57.7
2019-09-10,62.2
2019-09-11,64.9
2019-09-12,68.2
2019-09-13,66.6
2019-09-14,67.2
2019-09-15,68.9
2019-09-16,68.0
2019-09-17,65.5
2019-09-18,58.9
2019-09-19,58.8
2019-09-20,61.7
2019-09-21,66.9
2019-09-22,65.0
2019-09-23,62.7
2019-09-24,61.0
2019-09-25,60.4
2019-09-26,64.6
2019-09-27,61.3
2019-09-28,61.0
2019-09-29,60.3
2019-09-30,60.1
2019-10-01,63.1
2019-10-02,56.7
2019-10-03,48.8
2019-10-04,56.8
2019-10-05,58.8
2019-10-06,58.8
2019-10-07,57.4
2019-10-08,56.8
2019-10-09,54.8
2019-10-10,56.4
2019-10-11,58.1
2019-10-12,59.5
2019-10-13,65.8
2019-10-14,64.9
2019-10-15,57.9
2019-10-16,56.5
2019-10-17,57.3
2019-10-18,57.1
2019-10-19,55.4
2019-10-20,53.0
2019-10-21,53.2
2019-10-22,50.2
2019-10-23,54.7
2019-10-24,57.1
2019-10-25,55.6
2019-10-26,58.4
2019-10-27,52.0
2019-10-28,49.4
2019-10-29,49.6
2019-10-30,48.7
2019-10-31,50.7
2019-11-01,55.9
2019-11-02,56.5
2019-11-03,52.7
2019-11-04,52.0
2019-11-05,49.3
2019-11-06,50.4
2019-11-07,48.2
2019-11-08,43.8
2019-11-09,43.0
2019-11-10,43.5
2019-11-11,42.9
2019-11-12,41.4
2019-11-13,44.6
2019-11-14,42.8
2019-11-15,38.2
2019-11-16,41.6
2019-11-17,43.6
2019-11-18,43.8
2019-11-19,43.7
2019-11-20,37.9
2019-11-21,41.5
2019-11-22,47.7
2019-11-23,48.9
2019-11-24,48.0
2019-11-25,49.9
2019-11-26,52.7
2019-11-27,52.2
2019-11-28,51.9
2019-11-29,48.3
2019-11-30,43.2
2019-12-01,39.0
2019-12-02,38.6
2019-12-03,38.7
2019-12-04,36.3
2019-12-05,32.4
2019-12-06,38.5
2019-12-07,50.1
2019-12-08,50.7
2019-12-09,46.4
2019-12-10,40.2
2019-12-11,44.6
2019-12-12,40.5
2019-12-13,45.6
2019-12-14,49.1
2019-12-15,49.2
2019-12-16,48.8
2019-12-17,52.4
2019-12-18,47.1
2019-12-19,53.7
2019-12-20,51.7
2019-12-21,47.6
2019-12-22,48.8
2019-12-23,48.8
2019-12-24,51.3
2019-12-25,47.9
2019-12-26,44.4
2019-12-27,49.4
2019-12-28,45.2
2019-12-29,37.1
2019-12-30,37.0
2019-12-31,34.8
2020-01-01,35.9
2020-01-02,44.7
2020-01-03,49.6
2020-01-04,44.4
2020-01-05,45.8
2020-01-06,39.9
2020-01-07,46.1
2020-01-08,53.0
2020-01-09,52.6
2020-01-10,47.2
2020-01-11,42.0
2020-01-12,43.8
2020-01-13,47.4
2020-01-14,51.1
2020-01-15,50.3
2020-01-16,47.9
2020-01-17,48.4
2020-01-18,41.6
2020-01-19,40.4
2020-01-20,38.1
2020-01-21,35.9
2020-01-22,33.3
2020-01-23,33.9
2020-01-24,33.6
2020-01-25,36.3
2020-01-26,42.2
2020-01-27,47.6
2020-01-28,44.2
2020-01-29,44.7
2020-01-30,47.1
2020-01-31,54.2
2020-02-01,54.6
2020-02-02,55.6
2020-02-03,53.4
2020-02-04,45.0
2020-02-05,45.6
2020-02-06,42.0
2020-02-07,43.3
2020-02-08,48.4
2020-02-09,50.1
2020-02-10,51.2
2020-02-11,43.7
2020-02-12,43.4
2020-02-13,47.4
2020-02-14,49.6
2020-02-15,49.9
2020-02-16,57.2
2020-02-17,48.6
2020-02-18,45.5
2020-02-19,45.4
2020-02-20,47.6
2020-02-21,43.7
2020-02-22,48.5
2020-02-23,52.8
2020-02-24,52.8
2020-02-25,47.0
2020-02-26,40.3
2020-02-27,42.0
2020-02-28,42.2
2020-02-29,48.7
2020-03-01,43.0
2020-03-02,44.1
2020-03-03,41.6
2020-03-04,42.4
2020-03-05,48.3
2020-03-06,45.1
2020-03-07,45.8
2020-03-08,48.0
2020-03-09,46.9
2020-03-10,53.2
2020-03-11,57.8
2020-03-12,51.8
2020-03-13,46.6
2020-03-14,47.8
2020-03-15,52.2
2020-03-16,49.7
2020-03-17,52.7
2020-03-18,56.3
2020-03-19,57.2
2020-03-20,54.5
2020-03-21,45.7
2020-03-22,46.4
2020-03-23,44.1
2020-03-24,45.1
2020-03-25,45.0
2020-03-26,44.7
2020-03-27,47.1
2020-03-28,50.5
2020-03-29,43.7
2020-03-30,40.9
2020-03-31,45.1
2020-04-01,45.9
2020-04-02,44.6
2020-04-03,50.6
2020-04-04,53.3
2020-04-05,58.3
2020-04-06,54.6
2020-04-07,60.9
2020-04-08,63.8
2020-04-09,64.9
2020-04-10,65.7
2020-04-11,65.9
2020-04-12,64.9
2020-04-13,56.8
2020-04-14,47.6
2020-04-15,54.0
2020-04-16,62.0
2020-04-17,65.5
2020-04-18,64.8
2020-04-19,60.4
2020-04-20,60.6
2020-04-21,60.5
2020-04-22,63.2
2020-04-23,65.8
2020-04-24,65.9
2020-04-25,61.8
2020-04-26,58.4
2020-04-27,61.3
2020-04-28,59.1
2020-04-29,54.2
2020-04-30,51.9
2020-05-01,54.3
2020-05-02,54.4
2020-05-03,57.7
2020-05-04,59.9
2020-05-05,55.5
2020-05-06,61.4
2020-05-07,61.6
2020-05-08,64.6
2020-05-09,66.0
2020-05-10,63.0
2020-05-11,50.6
2020-05-12,50.1
2020-05-13,52.4
2020-05-14,51.2
2020-05-15,54.1
2020-05-16,57.5
2020-05-17,59.2
2020-05-18,62.9
2020-05-19,64.1
2020-05-20,69.6
2020-05-21,74.0
2020-05-22,69.4
2020-05-23,61.7
2020-05-24,59.6
2020-05-25,64.6
2020-05-26,68.3
2020-05-27,69.6
2020-05-28,66.4
2020-05-29,67.5
2020-05-30,68.3
2020-05-31,67.3
2020-06-01,70.0
2020-06-02,74.3
2020-06-03,70.6
2020-06-04,57.1
2020-06-05,56.4
2020-06-06,57.9
2020-06-07,57.6
2020-06-08,58.6
2020-06-09,58.0
2020-06-10,59.4
2020-06-11,62.7
2020-06-12,61.7
2020-06-13,64.8
2020-06-14,63.8
2020-06-15,64.1
2020-06-16,64.4
2020-06-17,63.5
2020-06-18,63.6
2020-06-19,62.6
2020-06-20,67.8
2020-06-21,64.5
2020-06-22,65.1
2020-06-23,73.2
2020-06-24,79.1
2020-06-25,81.6
2020-06-26,78.2
2020-06-27,69.6
2020-06-28,66.8
2020-06-29,65.2
2020-06-30,66.4
2020-07-01,69.1
2020-07-02,65.2
2020-07-03,64.7
2020-07-04,66.6
2020-07-05,69.5
2020-07-06,62.7
2020-07-07,65.3
2020-07-08,70.1
2020-07-09,75.4
2020-07-10,67.5
2020-07-11,64.9
2020-07-12,67.0
2020-07-13,69.9
2020-07-14,66.9
2020-07-15,66.2
2020-07-16,64.8
2020-07-17,69.5
2020-07-18,72.0
2020-07-19,74.1
2020-07-20,69.7
2020-07-21,68.4
2020-07-22,67.9
2020-07-23,71.4
2020-07-24,69.8
2020-07-25,71.1
2020-07-26,69.2
2020-07-27,75.0
2020-07-28,70.0
2020-07-29,68.2
2020-07-30,75.5
2020-07-31,83.1
2020-08-01,75.1
2020-08-02,68.8
2020-08-03,65.1
2020-08-04,67.5
2020-08-05,73.6
2020-08-06,79.2
2020-08-07,84.1
2020-08-08,85.9
2020-08-09,87.8
2020-08-10,83.2
2020-08-11,81.6
2020-08-12,80.6
2020-08-13,73.6
2020-08-14,70.8
2020-08-15,72.5
2020-08-16,71.2
2020-08-17,67.8
2020-08-18,70.1
2020-08-19,70.6
2020-08-20,77.6
2020-08-21,76.4
2020-08-22,70.3
2020-08-23,66.3
2020-08-24,64.5
2020-08-25,69.7
2020-08-26,67.8
2020-08-27,67.2
2020-08-28,63.6
2020-08-29,58.9
2020-08-30,61.1
2020-08-31,61.3
2020-09-01,61.1
2020-09-02,62.2
2020-09-03,70.3
2020-09-04,73.8
2020-09-05,63.8
2020-09-06,59.7
2020-09-07,62.7
2020-09-08,67.8
2020-09-09,72.1
2020-09-10,69.7
2020-09-11,69.5
2020-09-12,64.2
2020-09-13,68.0
2020-09-14,73.9
2020-09-15,77.8
2020-09-16,75.7
2020-09-17,70.0
2020-09-18,69.0
2020-09-19,74.1
2020-09-20,71.7
2020-09-21,68.4
2020-09-22,66.4
2020-09-23,64.9
2020-09-24,56.4
2020-09-25,52.1
2020-09-26,52.4
2020-09-27,53.7
2020-09-28,55.8
2020-09-29,59.8
2020-09-30,61.6
2020-10-01,57.6
2020-10-02,54.4
2020-10-03,53.1
2020-10-04,52.7
2020-10-05,53.8
2020-10-06,55.9
2020-10-07,57.2
2020-10-08,61.1
2020-10-09,58.9
2020-10-10,53.3
2020-10-11,51.9
2020-10-12,50.7
2020-10-13,51.1
2020-10-14,50.1
2020-10-15,49.9
2020-10-16,50.8
2020-10-17,50.8
2020-10-18,49.6
2020-10-19,49.4
2020-10-20,54.7
2020-10-21,61.7
2020-10-22,61.2
2020-10-23,60.1
2020-10-24,57.1
2020-10-25,53.6
2020-10-26,50.5
2020-10-27,50.2
2020-10-28,54.1
2020-10-29,55.0
2020-10-30,57.9
2020-10-31,57.5
2020-11-01,60.8
2020-11-02,61.6
2020-11-03,48.2
2020-11-04,44.6
2020-11-05,45.7
2020-11-06,46.0
2020-11-07,52.1
2020-11-08,56.6
2020-11-09,55.8
2020-11-10,54.5
2020-11-11,50.9
2020-11-12,51.8
2020-11-13,54.1
2020-11-14,56.4
2020-11-15,56.1
2020-11-16,52.1
2020-11-17,52.8
2020-11-18,51.7
2020-11-19,50.3
2020-11-20,44.5
2020-11-21,44.4
2020-11-22,45.4
2020-11-23,49.4
2020-11-24,44.5
2020-11-25,46.0
2020-11-26,44.7
2020-11-27,46.9
2020-11-28,44.5
2020-11-29,38.7
2020-11-30,37.8
2020-12-01,45.6
2020-12-02,45.4
2020-12-03,43.6
2020-12-04,42.5
2020-12-05,40.3
2020-12-06,40.8
2020-12-07,38.3
2020-12-08,38.2
2020-12-09,35.1
2020-12-10,41.1
2020-12-11,47.6
2020-12-12,47.7
2020-12-13,42.6
2020-12-14,50.5
2020-12-15,49.9
2020-12-16,45.8
2020-12-17,48.7
2020-12-18,46.4
2020-12-19,48.1
2020-12-20,49.0
2020-12-21,50.0
2020-12-22,57.7
2020-12-23,54.1
2020-12-24,44.5
2020-12-25,39.8
2020-12-26,38.4
2020-12-27,42.0
2020-12-28,38.8
2020-12-29,38.8
2020-12-30,40.3
2020-12-31,39.8
2021-01-01,35.1
2021-01-02,34.9
2021-01-03,37.6
2021-01-04,37.3
2021-01-05,37.2
2021-01-06,38.0
2021-01-07,37.5
2021-01-08,36.6
2021-01-09,34.1
2021-01-10,34.1
2021-01-11,36.8
2021-01-12,44.6
2021-01-13,46.3
2021-01-14,48.7
2021-01-15,35.8
2021-01-16,33.0
2021-01-17,42.0
2021-01-18,40.5
2021-01-19,42.3
2021-01-20,48.9
2021-01-21,47.9
2021-01-22,43.0
2021-01-23,38.8
2021-01-24,34.3
2021-01-25,37.5
2021-01-26,36.4
2021-01-27,41.2
2021-01-28,52.8
2021-01-29,51.1
2021-01-30,49.9
2021-01-31,47.0
2021-02-01,48.0
2021-02-02,52.4
2021-02-03,51.4
2021-02-04,46.9
2021-02-05,48.6
2021-02-06,46.8
2021-02-07,37.8
2021-02-08,31.0
2021-02-09,28.3
2021-02-10,26.4
2021-02-11,26.8
2021-02-12,28.1
2021-02-13,26.7
2021-02-14,29.7
2021-02-15,41.9
2021-02-16,47.8
2021-02-17,49.5
2021-02-18,46.9
2021-02-19,47.9
2021-02-20,54.5
2021-02-21,54.9
2021-02-22,54.7
2021-02-23,57.5
2021-02-24,56.9
2021-02-25,55.0
2021-02-26,49.1
2021-02-27,44.4
2021-02-28,44.3
2021-03-01,46.6
2021-03-02,49.8
2021-03-03,54.5
2021-03-04,49.7
2021-03-05,41.3
2021-03-06,40.3
2021-03-07,39.8
2021-03-08,39.0
2021-03-09,44.4
2021-03-10,44.3
2021-03-11,51.0
2021-03-12,46.0
2021-03-13,46.7
2021-03-14,44.9
2021-03-15,47.5
2021-03-16,45.6
2021-03-17,45.3
2021-03-18,43.4
2021-03-19,43.0
2021-03-20,42.1
2021-03-21,45.3
2021-03-22,43.5
2021-03-23,46.4
2021-03-24,51.7
2021-03-25,50.2
2021-03-26,48.7
2021-03-27,47.3
2021-03-28,52.4
2021-03-29,57.5
2021-03-30,62.1
2021-03-31,63.5
2021-04-01,64.2
2021-04-02,50.8
2021-04-03,46.5
2021-04-04,46.2
2021-04-05,41.8
2021-04-06,38.1
2021-04-07,40.2
2021-04-08,46.6
2021-04-09,49.9
2021-04-10,50.7
2021-04-11,43.6
2021-04-12,43.4
2021-04-13,44.1
2021-04-14,45.0
2021-04-15,44.1
2021-04-16,44.7
2021-04-17,48.7
2021-04-18,48.3
2021-04-19,51.8
2021-04-20,55.7
2021-04-21,56.2
2021-04-22,53.7
2021-04-23,56.0
2021-04-24,56.8
2021-04-25,54.2
2021-04-26,54.1
2021-04-27,55.3
2021-04-28,56.4
2021-04-29,50.6
2021-04-30,51.0
2021-05-01,49.3
2021-05-02,48.2
2021-05-03,52.7
2021-05-04,53.7
2021-05-05,47.9
2021-05-06,47.3
2021-05-07,50.8
2021-05-08,58.9
2021-05-09,66.4
2021-05-10,60.0
2021-05-11,55.2
2021-05-12,53.9
2021-05-13,54.2
2021-05-14,52.2
2021-05-15,53.2
2021-05-16,53.9
2021-05-17,54.8
2021-05-18,54.7
2021-05-19,53.8
2021-05-20,55.3
2021-05-21,56.9
2021-05-22,54.0
2021-05-23,55.1
2021-05-24,52.9
2021-05-25,52.6
2021-05-26,54.1
2021-05-27,58.8
2021-05-28,62.5
2021-05-29,64.3
2021-05-30,65.1
2021-05-31,67.2
2021-06-01,70.3
2021-06-02,71.3
2021-06-03,71.3
2021-06-04,64.6
2021-06-05,61.1
2021-06-06,63.9
2021-06-07,66.3
2021-06-08,68.3
2021-06-09,71.2
2021-06-10,72.4
2021-06-11,71.3
2021-06-12,68.0
2021-06-13,70.1
2021-06-14,74.7
2021-06-15,75.5
2021-06-16,79.7
2021-06-17,74.4
2021-06-18,71.9
2021-06-19,69.5
2021-06-20,68.2
2021-06-21,68.8
2021-06-22,60.9
2021-06-23,58.0
2021-06-24,60.9
2021-06-25,61.9
2021-06-26,64.5
2021-06-27,67.5
2021-06-28,67.5
2021-06-29,61.0
2021-06-30,60.2
2021-07-01,64.4
2021-07-02,70.7
2021-07-03,69.8
2021-07-04,65.7
2021-07-05,65.1
2021-07-06,67.0
2021-07-07,65.9
2021-07-08,65.6
2021-07-09,66.1
2021-07-10,64.4
2021-07-11,66.1
2021-07-12,65.6
2021-07-13,63.0
2021-07-14,63.8
2021-07-15,68.4
2021-07-16,64.6
2021-07-17,66.4
2021-07-18,73.9
2021-07-19,76.3
2021-07-20,75.1
2021-07-21,75.8
2021-07-22,75.4
2021-07-23,75.5
2021-07-24,72.0
2021-07-25,67.3
2021-07-26,67.5
2021-07-27,64.8
2021-07-28,66.1
2021-07-29,65.4
2021-07-30,65.8
2021-07-31,65.3
2021-08-01,65.5
2021-08-02,64.9
2021-08-03,62.8
2021-08-04,62.1
2021-08-05,66.3
2021-08-06,66.0
2021-08-07,62.7
2021-08-08,63.3
2021-08-09,64.5
2021-08-10,68.2
2021-08-11,70.5
2021-08-12,74.2
2021-08-13,73.3
2021-08-14,72.9
2021-08-15,74.3
2021-08-16,65.4
2021-08-17,61.5
2021-08-18,64.4
2021-08-19,64.0
2021-08-20,66.3
2021-08-21,69.3
2021-08-22,66.0
2021-08-23,64.9
2021-08-24,66.5
2021-08-25,66.5
2021-08-26,63.2
2021-08-27,63.8
2021-08-28,62.9
2021-08-29,61.8
2021-08-30,64.6
2021-08-31,66.2
2021-09-01,64.4
2021-09-02,65.1
2021-09-03,69.6
2021-09-04,72.2
2021-09-05,72.9
2021-09-06,74.2
2021-09-07,74.0
2021-09-08,74.7
2021-09-09,71.8
2021-09-10,68.7
2021-09-11,65.1
2021-09-12,64.5
2021-09-13,67.4
2021-09-14,69.6
2021-09-15,67.1
2021-09-16,64.7
2021-09-17,63.7
2021-09-18,65.7
2021-09-19,65.3
2021-09-20,61.8
2021-09-21,59.0
2021-09-22,59.5
2021-09-23,61.3
2021-09-24,62.4
2021-09-25,63.4
2021-09-26,64.1
2021-09-27,60.9
2021-09-28,57.0
2021-09-29,57.0
2021-09-30,54.0
2021-10-01,54.5
2021-10-02,58.4
2021-10-03,58.8
2021-10-04,56.4
2021-10-05,56.2
2021-10-06,55.8
2021-10-07,55.2
2021-10-08,56.5
2021-10-09,56.1
2021-10-10,54.4
2021-10-11,56.0
2021-10-12,53.1
2021-10-13,52.4
2021-10-14,51.1
2021-10-15,53.4
2021-10-16,54.4
2021-10-17,51.3
2021-10-18,54.0
2021-10-19,64.5
2021-10-20,62.6
2021-10-21,53.3
2021-10-22,47.4
2021-10-23,51.3
2021-10-24,47.2
2021-10-25,50.7
2021-10-26,53.2
2021-10-27,52.6
2021-10-28,52.8
2021-10-29,53.8
2021-10-30,55.1
2021-10-31,53.9
2021-11-01,49.7
2021-11-02,48.9
2021-11-03,47.8
2021-11-04,46.4
2021-11-05,48.4
2021-11-06,44.8
2021-11-07,49.8
2021-11-08,47.1
2021-11-09,44.4
2021-11-10,40.9
2021-11-11,39.1
2021-11-12,43.3
2021-11-13,52.2
2021-11-14,51.2
2021-11-15,44.4
2021-11-16,45.0
2021-11-17,50.1
2021-11-18,45.8
2021-11-19,47.4
2021-11-20,45.1
2021-11-21,44.5
2021-11-22,42.0
2021-11-23,40.7
2021-11-24,39.9
2021-11-25,41.9
2021-11-26,41.7
2021-11-27,38.1
2021-11-28,40.2
2021-11-29,37.7
2021-11-30,43.0
2021-12-01,48.0
2021-12-02,41.2
2021-12-03,38.4
2021-12-04,48.3
2021-12-05,40.8
2021-12-06,43.1
2021-12-07,42.2
2021-12-08,41.7
2021-12-09,40.3
2021-12-10,43.9
2021-12-11,41.5
2021-12-12,47.8
2021-12-13,46.4
2021-12-14,43.8
2021-12-15,46.0
2021-12-16,48.4
2021-12-17,45.4
2021-12-18,42.6
2021-12-19,41.5
2021-12-20,41.7
2021-12-21,35.7
2021-12-22,30.4
2021-12-23,39.0
2021-12-24,48.2
2021-12-25,48.9
2021-12-26,49.1
2021-12-27,50.6
2021-12-28,52.7
2021-12-29,54.3
2021-12-30,56.8
2021-12-31,52.3
2022-01-01,50.8
2022-01-02,53.3
2022-01-03,52.8
2022-01-04,47.8
2022-01-05,39.4
2022-01-06,38.3
2022-01-07,41.9
2022-01-08,43.1
2022-01-09,41.4
2022-01-10,38.2
2022-01-11,34.9
2022-01-12,36.2
2022-01-13,36.8
2022-01-14,38.0
2022-01-15,36.7
2022-01-16,35.1
2022-01-17,42.4
2022-01-18,41.2
2022-01-19,41.9
2022-01-20,41.0
2022-01-21,39.1
2022-01-22,41.4
2022-01-23,39.4
2022-01-24,37.7
2022-01-25,32.4
2022-01-26,35.5
2022-01-27,40.4
2022-01-28,44.2
2022-01-29,47.3
2022-01-30,47.0
2022-01-31,44.3
2022-02-01,44.4
2022-02-02,50.2
2022-02-03,45.8
2022-02-04,45.4
2022-02-05,42.9
2022-02-06,48.3
2022-02-07,45.6
2022-02-08,47.0
2022-02-09,45.0
2022-02-10,45.1
2022-02-11,41.0
2022-02-12,39.3
2022-02-13,44.2
2022-02-14,48.8
2022-02-15,46.0
2022-02-16,54.2
2022-02-17,54.2
2022-02-18,50.9
2022-02-19,44.8
2022-02-20,51.4
2022-02-21,47.4
2022-02-22,48.3
2022-02-23,48.3
2022-02-24,46.8
2022-02-25,43.3
2022-02-26,42.0
2022-02-27,41.3
2022-02-28,42.4
2022-03-01,46.1
2022-03-02,47.8
2022-03-03,49.4
2022-03-04,49.5
2022-03-05,47.9
2022-03-06,41.6
2022-03-07,38.1
2022-03-08,42.6
2022-03-09,48.5
2022-03-10,51.4
2022-03-11,49.7
2022-03-12,47.1
2022-03-13,48.0
2022-03-14,49.0
2022-03-15,50.2
2022-03-16,52.2
2022-03-17,47.8
2022-03-18,49.3
2022-03-19,51.5
2022-03-20,47.2
2022-03-21,53.8
2022-03-22,55.1
2022-03-23,54.1
2022-03-24,57.2
2022-03-25,56.9
2022-03-26,56.6
2022-03-27,58.3
2022-03-28,59.0
2022-03-29,57.3
2022-03-30,51.7
2022-03-31,43.2
2022-04-01,36.1
2022-04-02,39.7
2022-04-03,41.5
2022-04-04,43.2
2022-04-05,50.2
2022-04-06,51.1
2022-04-07,54.0
2022-04-08,43.3
2022-04-09,43.2
2022-04-10,46.9
2022-04-11,54.2
2022-04-12,60.7
2022-04-13,57.3
2022-04-14,60.2
2022-04-15,60.9
2022-04-16,59.0
2022-04-17,58.7
2022-04-18,58.3
2022-04-19,55.5
2022-04-20,57.0
2022-04-21,58.7
2022-04-22,59.0
2022-04-23,58.2
2022-04-24,58.7
2022-04-25,55.1
2022-04-26,52.4
2022-04-27,55.1
2022-04-28,59.4
2022-04-29,59.3
2022-04-30,53.8
2022-05-01,54.1
2022-05-02,56.9
2022-05-03,58.2
2022-05-04,57.1
2022-05-05,58.0
2022-05-06,60.9
2022-05-07,61.3
2022-05-08,61.2
2022-05-09,65.9
2022-05-10,70.5
2022-05-11,67.6
2022-05-12,62.2
2022-05-13,61.3
2022-05-14,64.0
2022-05-15,70.6
2022-05-16,68.0
2022-05-17,73.4
2022-05-18,74.4
2022-05-19,72.9
2022-05-20,64.5
2022-05-21,64.3
2022-05-22,66.2
2022-05-23,62.0
2022-05-24,57.9
2022-05-25,59.4
2022-05-26,61.8
2022-05-27,61.9
2022-05-28,60.1
2022-05-29,55.2
2022-05-30,57.0
2022-05-31,61.7
2022-06-01,61.7
2022-06-02,65.5
2022-06-03,65.9
2022-06-04,67.7
2022-06-05,65.5
2022-06-06,63.8
2022-06-07,65.5
2022-06-08,63.2
2022-06-09,62.4
2022-06-10,66.7
2022-06-11,69.1
2022-06-12,66.3
2022-06-13,64.4
2022-06-14,69.0
2022-06-15,74.7
2022-06-16,75.2
2022-06-17,80.0
2022-06-18,84.6
2022-06-19,69.1
2022-06-20,64.4
2022-06-21,69.5
2022-06-22,69.3
2022-06-23,73.4
2022-06-24,70.0
2022-06-25,63.3
2022-06-26,63.3
2022-06-27,66.2
2022-06-28,69.8
2022-06-29,70.0
2022-06-30,59.9
2022-07-01,62.0
2022-07-02,68.3
2022-07-03,67.2
2022-07-04,67.7
2022-07-05,67.2
2022-07-06,68.5
2022-07-07,66.3
2022-07-08,68.0
2022-07-09,73.3
2022-07-10,70.0
2022-07-11,75.3
2022-07-12,79.6
2022-07-13,83.1
2022-07-14,78.2
2022-07-15,71.3
2022-07-16,73.1
2022-07-17,76.9
2022-07-18,84.2
2022-07-19,88.3
2022-07-20,70.3
2022-07-21,71.0
2022-07-22,70.1
2022-07-23,71.1
2022-07-24,78.3
2022-07-25,74.4
2022-07-26,67.5
2022-07-27,68.4
2022-07-28,70.6
2022-07-29,73.9
2022-07-30,76.2
2022-07-31,73.4
2022-08-01,73.0
2022-08-02,76.3
2022-08-03,82.4
2022-08-04,75.4
2022-08-05,69.3
2022-08-06,67.6
2022-08-07,70.2
2022-08-08,72.7
2022-08-09,75.4
2022-08-10,78.9
2022-08-11,80.0
2022-08-12,81.0
2022-08-13,80.4
2022-08-14,73.1
2022-08-15,69.0
2022-08-16,69.9
2022-08-17,68.2
2022-08-18,71.8
2022-08-19,69.0
2022-08-20,67.3
2022-08-21,69.5
2022-08-22,70.4
2022-08-23,73.3
2022-08-24,78.2
2022-08-25,77.0
2022-08-26,71.1
2022-08-27,69.2
2022-08-28,69.1
2022-08-29,72.5
2022-08-30,70.5
2022-08-31,71.3
2022-09-01,72.1
2022-09-02,69.4
2022-09-03,68.3
2022-09-04,71.9
2022-09-05,73.1
2022-09-06,70.5
2022-09-07,65.2
2022-09-08,64.1
2022-09-09,62.4
2022-09-10,61.5
2022-09-11,62.9
2022-09-12,68.3
2022-09-13,71.9
2022-09-14,71.9
2022-09-15,65.8
2022-09-16,59.3
2022-09-17,55.4
2022-09-18,56.3
2022-09-19,57.2
2022-09-20,55.6
2022-09-21,57.6
2022-09-22,58.4
2022-09-23,59.3
2022-09-24,58.7
2022-09-25,58.6
2022-09-26,54.7
2022-09-27,53.9
2022-09-28,54.4
2022-09-29,52.5
2022-09-30,54.0
2022-10-01,60.8
2022-10-02,61.0
2022-10-03,53.2
2022-10-04,54.8
2022-10-05,60.6
2022-10-06,58.0
2022-10-07,55.3
2022-10-08,56.4
2022-10-09,54.4
2022-10-10,57.6
2022-10-11,56.0
2022-10-12,55.6
2022-10-13,56.9
2022-10-14,59.3
2022-10-15,61.5
2022-10-16,62.1
2022-10-17,63.6
2022-10-18,62.3
2022-10-19,62.7
2022-10-20,63.8
2022-10-21,61.7
2022-10-22,61.4
2022-10-23,64.3
2022-10-24,61.7
2022-10-25,59.9
2022-10-26,62.9
2022-10-27,63.1
2022-10-28,65.0
2022-10-29,65.4
2022-10-30,59.8
2022-10-31,60.5
2022-11-01,57.8
2022-11-02,54.4
2022-11-03,53.2
2022-11-04,50.6
2022-11-05,47.9
2022-11-06,49.9
2022-11-07,55.9
2022-11-08,55.9
2022-11-09,54.1
2022-11-10,48.4
2022-11-11,50.0
2022-11-12,50.7
2022-11-13,49.7
2022-11-14,48.1
2022-11-15,51.3
2022-11-16,51.5
2022-11-17,53.5
2022-11-18,48.9
2022-11-19,46.5
2022-11-20,45.3
2022-11-21,44.6
2022-11-22,46.3
2022-11-23,46.9
2022-11-24,49.8
2022-11-25,48.9
2022-11-26,43.6
2022-11-27,45.6
2022-11-28,48.0
2022-11-29,45.5
2022-11-30,43.6
2022-12-01,41.8
2022-12-02,40.4
2022-12-03,38.0
2022-12-04,37.9
2022-12-05,36.4
2022-12-06,38.2
2022-12-07,38.7
2022-12-08,37.5
2022-12-09,35.6
2022-12-10,34.8
2022-12-11,29.4
2022-12-12,29.2
2022-12-13,30.2
2022-12-14,33.1
2022-12-15,31.6
2022-12-16,31.2
2022-12-17,28.8
2022-12-18,28.7
2022-12-19,47.6
2022-12-20,52.1
2022-12-21,50.8
2022-12-22,54.3
2022-12-23,56.3
2022-12-24,51.4
2022-12-25,52.8
2022-12-26,49.9
2022-12-27,43.3
2022-12-28,50.3
2022-12-29,50.2
2022-12-30,50.1
2022-12-31,59.3
2023-01-01,55.5
2023-01-02,51.3
2023-01-03,45.7
2023-01-04,53.1
2023-01-05,54.6
2023-01-06,52.5
2023-01-07,49.9
2023-01-08,49.0
2023-01-09,44.8
2023-01-10,44.6
2023-01-11,51.5
2023-01-12,51.1
2023-01-13,48.9
2023-01-14,50.3
2023-01-15,44.9
2023-01-16,41.8
2023-01-17,36.3
2023-01-18,36.0
2023-01-19,34.5
2023-01-20,37.1
2023-01-21,35.9
2023-01-22,33.4
2023-01-23,35.7
2023-01-24,36.4
2023-01-25,33.8
2023-01-26,36.4
2023-01-27,40.6
2023-01-28,37.6
2023-01-29,35.6
2023-01-30,42.3
2023-01-31,41.4
2023-02-01,46.6
2023-02-02,46.2
2023-02-03,47.9
2023-02-04,48.7
2023-02-05,45.6
2023-02-06,39.9
2023-02-07,37.4
2023-02-08,35.8
2023-02-09,35.7
2023-02-10,43.2
2023-02-11,43.2
2023-02-12,45.3
2023-02-13,43.6
2023-02-14,43.8
2023-02-15,44.1
2023-02-16,48.1
2023-02-17,54.9
2023-02-18,52.8
2023-02-19,51.1
2023-02-20,45.6
2023-02-21,48.0
2023-02-22,48.3
2023-02-23,47.3
2023-02-24,46.7
2023-02-25,42.9
2023-02-26,36.8
2023-02-27,37.0
2023-02-28,36.1
2023-03-01,37.1
2023-03-02,39.3
2023-03-03,39.2
2023-03-04,39.1
2023-03-05,42.4
2023-03-06,42.1
2023-03-07,44.1
2023-03-08,49.9
2023-03-09,53.1
2023-03-10,46.3
2023-03-11,42.7
2023-03-12,52.3
2023-03-13,56.1
2023-03-14,47.8
2023-03-15,44.3
2023-03-16,51.7
2023-03-17,54.4
2023-03-18,54.2
2023-03-19,50.2
2023-03-20,49.0
2023-03-21,53.9
2023-03-22,53.3
2023-03-23,56.7
2023-03-24,54.8
2023-03-25,52.2
2023-03-26,49.8
2023-03-27,45.9
2023-03-28,45.3
2023-03-29,58.3
2023-03-30,59.1
2023-03-31,54.7
2023-04-01,52.6
2023-04-02,46.9
2023-04-03,46.9
2023-04-04,45.5
2023-04-05,48.2
2023-04-06,52.6
2023-04-07,50.8
2023-04-08,49.9
2023-04-09,53.5
2023-04-10,54.6
2023-04-11,50.8
2023-04-12,49.8
2023-04-13,49.0
2023-04-14,45.0
2023-04-15,50.2
2023-04-16,51.0
2023-04-17,49.0
2023-04-18,52.7
2023-04-19,56.5
2023-04-20,49.4
2023-04-21,48.2
2023-04-22,52.8
2023-04-23,52.5
2023-04-24,50.9
2023-04-25,48.2
2023-04-26,49.9
2023-04-27,57.7
2023-04-28,63.2
2023-04-29,54.7
2023-04-30,56.1
2023-05-01,55.4
2023-05-02,56.7
2023-05-03,59.4
2023-05-04,64.1
2023-05-05,61.2
2023-05-06,61.2
2023-05-07,60.1
2023-05-08,59.2
2023-05-09,58.2
2023-05-10,55.9
2023-05-11,56.0
2023-05-12,54.0
2023-05-13,59.8
2023-05-14,56.9
2023-05-15,54.1
2023-05-16,53.4
2023-05-17,56.1
2023-05-18,56.0
2023-05-19,58.6
2023-05-20,61.6
2023-05-21,63.4
2023-05-22,62.3
2023-05-23,59.1
2023-05-24,57.6
2023-05-25,62.0
2023-05-26,63.0
2023-05-27,65.5
2023-05-28,68.8
2023-05-29,66.2
2023-05-30,63.5
2023-05-31,67.2
2023-06-01,69.3
2023-06-02,60.5
2023-06-03,65.4
2023-06-04,69.1
2023-06-05,68.4
2023-06-06,67.3
2023-06-07,70.3
2023-06-08,72.0
2023-06-09,76.3
2023-06-10,74.9
2023-06-11,72.5
2023-06-12,70.8
2023-06-13,75.2
2023-06-14,75.2
2023-06-15,74.4
2023-06-16,75.4
2023-06-17,76.5
2023-06-18,72.7
2023-06-19,68.8
2023-06-20,71.9
2023-06-21,73.1
2023-06-22,69.0
2023-06-23,71.9
2023-06-24,75.3
2023-06-25,80.2
2023-06-26,68.6
2023-06-27,68.1
2023-06-28,70.6
2023-06-29,70.9
2023-06-30,67.6
2023-07-01,67.1
2023-07-02,66.1
2023-07-03,67.9
2023-07-04,65.8
2023-07-05,62.4
2023-07-06,68.3
2023-07-07,75.2
2023-07-08,80.7
2023-07-09,75.4
2023-07-10,74.5
2023-07-11,77.2
2023-07-12,70.1
2023-07-13,68.1
2023-07-14,74.8
2023-07-15,72.8
2023-07-16,68.4
2023-07-17,67.7
2023-07-18,72.6
2023-07-19,69.8
2023-07-20,68.8
2023-07-21,67.7
2023-07-22,67.9
2023-07-23,68.9
2023-07-24,67.3
2023-07-25,62.3
2023-07-26,64.3
2023-07-27,67.1
2023-07-28,68.6
2023-07-29,69.0
2023-07-30,66.8
2023-07-31,65.8
2023-08-01,66.2
2023-08-02,67.8
2023-08-03,62.7
2023-08-04,63.5
2023-08-05,60.8
2023-08-06,61.4
2023-08-07,63.1
2023-08-08,66.8
2023-08-09,67.7
2023-08-10,71.4
2023-08-11,71.3
2023-08-12,70.4
2023-08-13,68.4
2023-08-14,70.1
2023-08-15,70.1
2023-08-16,71.8
2023-08-17,74.3
2023-08-18,76.8
2023-08-19,75.7
2023-08-20,76.0
2023-08-21,73.8
2023-08-22,76.3
2023-08-23,76.6
2023-08-24,75.0
2023-08-25,69.2
2023-08-26,64.1
2023-08-27,61.6
2023-08-28,61.8
2023-08-29,62.5
2023-08-30,62.0
2023-08-31,61.5
2023-09-01,67.4
2023-09-02,72.3
2023-09-03,76.2
2023-09-04,75.6
2023-09-05,78.2
2023-09-06,79.2
2023-09-07,76.9
2023-09-08,80.7
2023-09-09,81.9
2023-09-10,81.2
2023-09-11,74.8
2023-09-12,66.7
2023-09-13,66.3
2023-09-14,67.0
2023-09-15,69.3
2023-09-16,69.5
2023-09-17,70.2
2023-09-18,66.8
2023-09-19,62.9
2023-09-20,67.9
2023-09-21,62.4
2023-09-22,57.0
2023-09-23,56.7
2023-09-24,57.8
2023-09-25,61.9
2023-09-26,66.1
2023-09-27,67.6
2023-09-28,67.4
2023-09-29,66.5
2023-09-30,61.3
2023-10-01,18.9
2023-10-02,20.7
2023-10-03,18.8
2023-10-04,14.2
2023-10-05,14.7
2023-10-06,14.7
2023-10-07,16.7
2023-10-08,18.5
2023-10-09,18.9
2023-10-10,18.9
2023-10-11,18.9
2023-10-12,19.0
2023-10-13,20.7
2023-10-14,14.1
2023-10-15,10.5
2023-10-16,9.0
2023-10-17,10.6
2023-10-18,14.7
2023-10-19,17.5
2023-10-20,15.2
2023-10-21,13.4
2023-10-22,12.9
2023-10-23,10.5
2023-10-24,12.9
2023-10-25,13.0
2023-10-26,12.9
2023-10-27,12.2
2023-10-28,12.5
2023-10-29,13.5
2023-10-30,11.4
2023-10-31,11.9
2023-11-01,12.4
2023-11-02,11.7
2023-11-03,8.2
2023-11-04,10.4
2023-11-05,11.3
2023-11-06,10.3
2023-11-07,9.7
2023-11-08,9.7
2023-11-09,9.8
2023-11-10,8.7
2023-11-11,8.0
2023-11-12,9.4
2023-11-13,14.4
2023-11-14,12.4
2023-11-15,10.8
2023-11-16,8.8
2023-11-17,8.9
2023-11-18,10.7
2023-11-19,13.4
2023-11-20,10.8
2023-11-21,10.6
2023-11-22,7.8
2023-11-23,10.0
2023-11-24,9.4
2023-11-25,5.1
2023-11-26,3.8
2023-11-27,6.3
2023-11-28,5.7
2023-11-29,5.2
2023-11-30,4.5
2023-12-01,2.9
2023-12-02,0.6
2023-12-03,0.8
2023-12-04,6.0
2023-12-05,7.4
2023-12-06,5.9
2023-12-07,4.4
2023-12-08,8.2
2023-12-09,9.4
2023-12-10,10.3
2023-12-11,11.1
2023-12-12,11.5
2023-12-13,8.8
2023-12-14,8.0
2023-12-15,8.8
2023-12-16,7.1
2023-12-17,2.6
2023-12-18,1.8
2023-12-19,6.2
2023-12-20,8.1
2023-12-21,10.8
2023-12-22,10.4
2023-12-23,10.3
2023-12-24,11.1
2023-12-25,11.7
2023-12-26,10.7
2023-12-27,9.5
2023-12-28,10.3
2023-12-29,10.4
2023-12-30,9.2
2023-12-31,9.3
2024-01-01,8.0
2024-01-02,10.8
2024-01-03,10.7
2024-01-04,9.5
2024-01-05,7.7
2024-01-06,5.9
2024-01-07,3.5
2024-01-08,-0.7
2024-01-09,-1.8
2024-01-10,-0.8
2024-01-11,-0.2
2024-01-12,1.7
2024-01-13,-1.2
2024-01-14,-1.8
2024-01-15,1.8
2024-01-16,-0.7
2024-01-17,1.7
2024-01-18,0.7
2024-01-19,-0.3
2024-01-20,-0.8
2024-01-21,3.8
2024-01-22,10.9
2024-01-23,9.6
2024-01-24,13.4
2024-01-25,11.4
2024-01-26,10.2
2024-01-27,4.3
2024-01-28,4.8
2024-01-29,8.6
2024-01-30,10.0
2024-01-31,7.8
2024-02-01,10.0
2024-02-02,6.5
2024-02-03,9.5
2024-02-04,9.7
2024-02-05,8.7
2024-02-06,9.8
2024-02-07,11.4
2024-02-08,12.2
2024-02-09,11.5
2024-02-10,8.6
2024-02-11,8.9
2024-02-12,7.4
2024-02-13,7.1
2024-02-14,12.1
2024-02-15,13.8
2024-02-16,13.4
2024-02-17,11.6
2024-02-18,9.4
2024-02-19,10.8
2024-02-20,8.4
2024-02-21,8.6
2024-02-22,10.8
2024-02-23,6.1
2024-02-24,5.6
2024-02-25,6.8
2024-02-26,7.8
2024-02-27,6.6
2024-02-28,6.7
2024-02-29,9.2
2024-03-01,7.3
2024-03-02,6.4
2024-03-03,6.7
2024-03-04,7.0
2024-03-05,7.5
2024-03-06,7.1
2024-03-07,8.0
2024-03-08,8.8
2024-03-09,9.1
2024-03-10,8.4
2024-03-11,8.6
2024-03-12,9.6
2024-03-13,11.6
2024-03-14,12.2
2024-03-15,13.8
2024-03-16,12.2
2024-03-17,12.1
2024-03-18,14.0
2024-03-19,13.0
2024-03-20,14.4
2024-03-21,14.9
2024-03-22,13.6
2024-03-23,7.8
2024-03-24,7.8
2024-03-25,8.6
2024-03-26,9.6
2024-03-27,8.5
2024-03-28,9.0
2024-03-29,10.7
2024-03-30,8.4
2024-03-31,10.5
2024-04-01,9.9
2024-04-02,10.5
2024-04-03,13.1
2024-04-04,14.6
2024-04-05,15.6
2024-04-06,17.9
2024-04-07,16.2
2024-04-08,15.7
2024-04-09,10.5
2024-04-10,11.1
2024-04-11,14.7
2024-04-12,16.9
2024-04-13,19.3
2024-04-14,15.8
2024-04-15,11.0
2024-04-16,9.3
2024-04-17,8.4
2024-04-18,8.2
2024-04-19,9.8
2024-04-20,7.7
2024-04-21,7.8
2024-04-22,7.4
2024-04-23,7.7
2024-04-24,8.2
2024-04-25,9.2
2024-04-26,11.5
2024-04-27,12.3
2024-04-28,12.4
2024-04-29,13.4
2024-04-30,14.9
2024-05-01,15.7
2024-05-02,11.6
2024-05-03,12.6
2024-05-04,10.6
2024-05-05,13.3
2024-05-06,14.2
2024-05-07,14.4
2024-05-08,12.2
2024-05-09,14.4
2024-05-10,18.6
2024-05-11,20.3
2024-05-12,19.6
2024-05-13,18.3
2024-05-14,15.4
2024-05-15,16.0
2024-05-16,15.8
2024-05-17,15.5
2024-05-18,16.2
2024-05-19,16.5
2024-05-20,16.5
2024-05-21,16.0
2024-05-22,16.0
2024-05-23,15.7
2024-05-24,16.0
2024-05-25,17.0
2024-05-26,18.4
2024-05-27,15.2
2024-05-28,13.7
2024-05-29,15.4
2024-05-30,14.2
2024-05-31,13.6
2024-06-01,13.3
2024-06-02,14.2
2024-06-03,15.9
2024-06-04,19.2
2024-06-05,17.8
2024-06-06,16.1
2024-06-07,16.6
2024-06-08,17.0
2024-06-09,16.4
2024-06-10,14.4
2024-06-11,13.6
2024-06-12,14.0
2024-06-13,16.3
2024-06-14,16.8
2024-06-15,14.9
2024-06-16,15.4
2024-06-17,18.8
2024-06-18,19.4
2024-06-19,18.4
2024-06-20,19.1
2024-06-21,19.4
2024-06-22,17.5
2024-06-23,18.8
2024-06-24,22.2
2024-06-25,24.4
2024-06-26,25.3
2024-06-27,25.1
2024-06-28,19.5
2024-06-29,19.0
2024-06-30,19.4
2024-07-01,18.1
2024-07-02,17.4
2024-07-03,16.9
2024-07-04,18.3
2024-07-05,19.8
2024-07-06,18.1
2024-07-07,16.8
2024-07-08,19.5
2024-07-09,21.3
2024-07-10,21.8
2024-07-11,20.9
2024-07-12,16.6
2024-07-13,17.1
2024-07-14,18.4
2024-07-15,20.9
2024-07-16,19.2
2024-07-17,20.7
2024-07-18,23.7
2024-07-19,26.8
2024-07-20,26.0
2024-07-21,22.2
2024-07-22,20.1
2024-07-23,20.2
2024-07-24,20.2
2024-07-25,23.0
2024-07-26,20.5
2024-07-27,17.9
2024-07-28,19.3
2024-07-29,23.7
2024-07-30,28.1
2024-07-31,26.2
2024-08-01,25.5
2024-08-02,23.0
2024-08-03,20.3
2024-08-04,20.8
2024-08-05,22.7
2024-08-06,23.3
2024-08-07,20.4
2024-08-08,22.2
2024-08-09,22.4
2024-08-10,22.9
2024-08-11,25.6
2024-08-12,28.3
2024-08-13,23.6
2024-08-14,23.5
2024-08-15,23.0
2024-08-16,22.1
2024-08-17,20.5
2024-08-18,17.6
2024-08-19,18.1
2024-08-20,18.2
2024-08-21,16.8
2024-08-22,18.9
2024-08-23,21.1
2024-08-24,22.2
2024-08-25,17.0
2024-08-26,18.3
2024-08-27,20.7
2024-08-28,23.6
2024-08-29,21.9
2024-08-30,17.8
2024-08-31,19.5
2024-09-01,23.0
2024-09-02,21.2
2024-09-03,19.8
2024-09-04,19.2
2024-09-05,16.3
2024-09-06,17.5
2024-09-07,18.6
2024-09-08,16.5
2024-09-09,16.2
2024-09-10,15.0
2024-09-11,14.5
2024-09-12,11.5
2024-09-13,11.7
2024-09-14,12.8
2024-09-15,13.8
2024-09-16,16.2
2024-09-17,16.6
2024-09-18,18.6
2024-09-19,20.1
2024-09-20,18.6
2024-09-21,19.0
2024-09-22,18.0
2024-09-23,15.4
2024-09-24,14.9
2024-09-25,14.5
2024-09-26,15.8
2024-09-27,13.0
2024-09-28,10.7
2024-09-29,9.1
2024-09-30,14.5
2024-10-01,13.9
2024-10-02,14.1
2024-10-03,11.9
2024-10-04,10.4
2024-10-05,10.7
2024-10-06,12.4
2024-10-07,16.3
2024-10-08,16.5
2024-10-09,14.7
2024-10-10,16.0
2024-10-11,13.3
2024-10-12,10.8
2024-10-13,8.9
2024-10-14,9.2
2024-10-15,11.1
2024-10-16,11.5
2024-10-17,62.7
2024-10-18,56.8
2024-10-19,56.3
2024-10-20,59.6
2024-10-21,62.9
2024-10-22,56.0
2024-10-23,53.9
2024-10-24,54.5
2024-10-25,58.7
2024-10-26,60.0
2024-10-27,58.9
2024-10-28,55.9
2024-10-29,52.7
2024-10-30,54.3
2024-10-31,51.8
2024-11-01,49.7
2024-11-02,51.6
2024-11-03,49.8
2024-11-04,48.9
2024-11-05,49.6
2024-11-06,50.8
2024-11-07,51.5
2024-11-08,47.5
2024-11-09,50.3
2024-11-10,50.8
2024-11-11,49.6
2024-11-12,48.8
2024-11-13,47.3
2024-11-14,49.3
2024-11-15,49.3
2024-11-16,46.1
2024-11-17,44.8
2024-11-18,48.2
2024-11-19,50.6
2024-11-20,38.8
2024-11-21,32.5
2024-11-22,35.5
2024-11-23,40.9
2024-11-24,57.8
2024-11-25,54.0
2024-11-26,47.4
2024-11-27,51.4
2024-11-28,45.1
2024-11-29,40.0
2024-11-30,37.4
2024-12-01,40.1
2024-12-02,50.9
2024-12-03,44.3
2024-12-04,41.7
2024-12-05,44.9
2024-12-06,49.3
2024-12-07,48.4
2024-12-08,45.3
2024-12-09,42.6
2024-12-10,42.1
2024-12-11,41.1
2024-12-12,39.7
2024-12-13,36.1
2024-12-14,37.7
2024-12-15,44.0
2024-12-16,48.5
2024-12-17,44.9
2024-12-18,50.6
2024-12-19,48.5
2024-12-20,42.0
2024-12-21,47.6
2024-12-22,45.0
2024-12-23,43.9
2024-12-24,44.2
2024-12-25,48.8
2024-12-26,44.6
2024-12-27,38.7
2024-12-28,32.0
2024-12-29,37.3
2024-12-30,37.6
2024-12-31,37.8
